{"type":"FeatureCollection","features":[{"type":"Feature","properties":{"_rg":"Trung du và miền núi phía Bắc"},"geometry":{"type":"Polygon","coordinates":[[[105.322,21.505],[105.341,21.422],[105.35,21.419],[105.372,21.435],[105.387,21.429],[105.397,21.413],[105.393,21.361],[105.445,21.324],[105.455,21.308],[105.447,21.266],[105.402,21.298],[105.361,21.292],[105.34,21.21],[105.306,21.195],[105.286,21.171],[105.318,21.112],[105.293,21.057],[105.296,21.035],[105.315,21.013],[105.326,21.022],[105.329,21.009],[105.354,21.009],[105.385,21.025],[105.391,21.004],[105.416,20.998],[105.443,20.957],[105.482,20.95],[105.501,20.93],[105.514,20.941],[105.525,20.929],[105.578,20.929],[105.583,20.923],[105.541,20.881],[105.558,20.881],[105.583,20.859],[105.584,20.841],[105.561,20.81],[105.581,20.813],[105.599,20.842],[105.629,20.831],[105.635,20.84],[105.64,20.828],[105.627,20.822],[105.628,20.795],[105.647,20.794],[105.642,20.746],[105.682,20.695],[105.668,20.68],[105.683,20.636],[105.663,20.63],[105.665,20.621],[105.698,20.623],[105.706,20.6],[105.741,20.6],[105.763,20.578],[105.805,20.5],[105.816,20.505],[105.821,20.491],[105.85,20.478],[105.86,20.422],[105.822,20.419],[105.79,20.456],[105.78,20.438],[105.75,20.441],[105.755,20.368],[105.744,20.367],[105.743,20.382],[105.728,20.387],[105.729,20.4],[105.718,20.408],[105.684,20.411],[105.727,20.34],[105.686,20.307],[105.58,20.37],[105.564,20.36],[105.529,20.372],[105.52,20.361],[105.505,20.361],[105.424,20.388],[105.403,20.375],[105.345,20.392],[105.302,20.421],[105.257,20.435],[105.265,20.456],[105.239,20.477],[105.243,20.489],[105.228,20.505],[105.2,20.519],[105.168,20.517],[105.152,20.544],[105.103,20.574],[105.06,20.575],[105.044,20.559],[105.02,20.56],[104.995,20.579],[104.981,20.574],[104.983,20.591],[104.959,20.609],[104.958,20.629],[104.896,20.67],[104.851,20.663],[104.845,20.652],[104.808,20.638],[104.797,20.62],[104.8,20.586],[104.775,20.576],[104.76,20.586],[104.739,20.575],[104.72,20.605],[104.682,20.598],[104.683,20.617],[104.66,20.625],[104.636,20.654],[104.635,20.672],[104.59,20.676],[104.583,20.7],[104.565,20.717],[104.534,20.719],[104.519,20.702],[104.494,20.715],[104.482,20.769],[104.45,20.783],[104.446,20.8],[104.418,20.797],[104.394,20.822],[104.378,20.831],[104.376,20.822],[104.368,20.826],[104.334,20.862],[104.326,20.858],[104.33,20.884],[104.293,20.91],[104.289,20.925],[104.26,20.918],[104.254,20.899],[104.233,20.918],[104.239,20.934],[104.192,20.947],[104.187,20.957],[104.13,20.95],[104.119,20.972],[104.102,20.979],[104.09,20.966],[104.049,20.952],[104.055,20.943],[104.047,20.916],[104.028,20.903],[103.972,20.915],[103.942,20.895],[103.928,20.905],[103.895,20.908],[103.848,20.862],[103.828,20.874],[103.808,20.867],[103.809,20.854],[103.798,20.851],[103.802,20.832],[103.773,20.806],[103.791,20.75],[103.769,20.736],[103.73,20.735],[103.733,20.695],[103.745,20.68],[103.735,20.669],[103.682,20.663],[103.666,20.701],[103.645,20.702],[103.635,20.722],[103.606,20.732],[103.598,20.746],[103.554,20.743],[103.535,20.755],[103.505,20.756],[103.462,20.829],[103.444,20.823],[103.436,20.796],[103.413,20.798],[103.399,20.784],[103.385,20.786],[103.362,20.808],[103.349,20.804],[103.293,20.824],[103.287,20.84],[103.26,20.824],[103.235,20.835],[103.225,20.844],[103.233,20.874],[103.21,20.902],[103.166,20.915],[103.11,20.899],[103.102,20.935],[103.084,20.942],[103.081,20.97],[103.033,21.056],[102.969,21.069],[102.959,21.081],[102.966,21.098],[102.958,21.114],[102.938,21.128],[102.945,21.143],[102.931,21.162],[102.919,21.157],[102.903,21.166],[102.909,21.231],[102.863,21.257],[102.819,21.247],[102.806,21.265],[102.853,21.3],[102.896,21.307],[102.888,21.333],[102.894,21.384],[102.941,21.457],[102.921,21.456],[102.904,21.434],[102.869,21.428],[102.892,21.462],[102.885,21.477],[102.905,21.48],[102.914,21.505],[102.99,21.586],[102.978,21.652],[102.988,21.685],[102.978,21.696],[102.986,21.724],[102.966,21.748],[102.951,21.729],[102.875,21.705],[102.855,21.723],[102.85,21.839],[102.823,21.84],[102.808,21.819],[102.817,21.803],[102.823,21.735],[102.745,21.664],[102.675,21.658],[102.646,21.735],[102.659,21.787],[102.645,21.812],[102.643,21.86],[102.609,21.877],[102.616,21.901],[102.609,21.92],[102.505,21.974],[102.486,22.008],[102.518,22.03],[102.494,22.036],[102.47,22.063],[102.44,22.075],[102.433,22.118],[102.383,22.13],[102.38,22.151],[102.356,22.168],[102.333,22.167],[102.333,22.187],[102.313,22.212],[102.303,22.203],[102.277,22.206],[102.271,22.237],[102.239,22.24],[102.232,22.284],[102.175,22.306],[102.193,22.338],[102.166,22.35],[102.169,22.373],[102.142,22.402],[102.157,22.431],[102.184,22.437],[102.262,22.417],[102.266,22.43],[102.247,22.463],[102.275,22.48],[102.277,22.5],[102.32,22.558],[102.353,22.568],[102.346,22.591],[102.37,22.595],[102.401,22.634],[102.416,22.637],[102.4,22.644],[102.381,22.684],[102.409,22.686],[102.433,22.702],[102.454,22.734],[102.454,22.762],[102.492,22.781],[102.547,22.748],[102.566,22.706],[102.582,22.708],[102.586,22.725],[102.604,22.735],[102.654,22.692],[102.687,22.705],[102.731,22.668],[102.75,22.669],[102.762,22.649],[102.785,22.645],[102.785,22.627],[102.823,22.627],[102.859,22.61],[102.876,22.59],[102.876,22.559],[102.894,22.546],[102.887,22.537],[102.92,22.506],[102.927,22.485],[102.983,22.482],[102.989,22.464],[103.028,22.444],[103.077,22.452],[103.069,22.48],[103.081,22.512],[103.117,22.52],[103.14,22.543],[103.156,22.541],[103.181,22.561],[103.156,22.596],[103.185,22.647],[103.225,22.648],[103.249,22.674],[103.28,22.684],[103.284,22.738],[103.308,22.764],[103.318,22.817],[103.413,22.78],[103.417,22.763],[103.439,22.754],[103.439,22.742],[103.426,22.734],[103.43,22.704],[103.457,22.683],[103.454,22.662],[103.482,22.624],[103.527,22.596],[103.55,22.637],[103.57,22.643],[103.578,22.665],[103.561,22.704],[103.617,22.774],[103.617,22.786],[103.637,22.798],[103.656,22.791],[103.664,22.772],[103.737,22.713],[103.75,22.689],[103.767,22.69],[103.873,22.568],[103.888,22.571],[103.931,22.529],[103.976,22.508],[104.01,22.524],[104.003,22.539],[104.014,22.566],[104.003,22.577],[104.012,22.58],[104.024,22.619],[104.036,22.675],[104.027,22.688],[104.044,22.733],[104.119,22.814],[104.139,22.81],[104.163,22.823],[104.262,22.843],[104.271,22.834],[104.255,22.775],[104.267,22.742],[104.322,22.731],[104.36,22.693],[104.398,22.703],[104.408,22.727],[104.468,22.758],[104.517,22.799],[104.541,22.835],[104.552,22.836],[104.545,22.841],[104.574,22.853],[104.591,22.852],[104.603,22.833],[104.598,22.817],[104.621,22.829],[104.623,22.848],[104.628,22.837],[104.654,22.835],[104.671,22.819],[104.729,22.824],[104.734,22.832],[104.723,22.851],[104.756,22.86],[104.772,22.903],[104.818,22.924],[104.837,22.923],[104.864,22.952],[104.859,22.979],[104.838,22.984],[104.831,23.001],[104.8,23.125],[104.818,23.122],[104.826,23.109],[104.839,23.114],[104.838,23.125],[104.867,23.126],[104.876,23.133],[104.881,23.168],[104.91,23.183],[104.949,23.151],[104.957,23.201],[104.993,23.204],[105.002,23.218],[105.023,23.22],[105.08,23.27],[105.1,23.258],[105.096,23.249],[105.109,23.247],[105.152,23.267],[105.172,23.29],[105.181,23.278],[105.193,23.282],[105.229,23.264],[105.244,23.277],[105.232,23.288],[105.256,23.318],[105.251,23.339],[105.281,23.343],[105.298,23.376],[105.322,23.394],[105.347,23.369],[105.35,23.346],[105.369,23.321],[105.409,23.289],[105.42,23.285],[105.427,23.304],[105.439,23.302],[105.489,23.239],[105.499,23.203],[105.551,23.188],[105.57,23.159],[105.558,23.13],[105.569,23.075],[105.601,23.078],[105.616,23.07],[105.641,23.083],[105.675,23.065],[105.71,23.063],[105.709,23.072],[105.722,23.065],[105.73,23.042],[105.779,23.022],[105.801,22.995],[105.822,23.0],[105.839,22.985],[105.835,22.978],[105.853,22.981],[105.847,22.971],[105.877,22.922],[105.886,22.923],[105.888,22.943],[105.916,22.956],[105.937,22.941],[105.953,22.942],[105.956,22.952],[106.0,22.942],[106.0,22.993],[106.056,22.992],[106.082,23.002],[106.101,22.988],[106.133,22.997],[106.172,22.985],[106.194,22.993],[106.245,22.941],[106.259,22.919],[106.251,22.911],[106.267,22.899],[106.261,22.89],[106.309,22.865],[106.322,22.879],[106.346,22.859],[106.372,22.886],[106.407,22.875],[106.423,22.893],[106.431,22.884],[106.447,22.905],[106.459,22.897],[106.473,22.911],[106.497,22.907],[106.497,22.935],[106.524,22.949],[106.564,22.92],[106.588,22.934],[106.603,22.928],[106.608,22.911],[106.647,22.869],[106.664,22.877],[106.667,22.894],[106.71,22.889],[106.716,22.875],[106.706,22.866],[106.767,22.828],[106.763,22.811],[106.809,22.822],[106.833,22.807],[106.817,22.775],[106.787,22.769],[106.785,22.753],[106.764,22.744],[106.778,22.709],[106.751,22.697],[106.756,22.675],[106.735,22.664],[106.731,22.624],[106.721,22.611],[106.729,22.595],[106.705,22.578],[106.675,22.585],[106.653,22.577],[106.632,22.592],[106.63,22.606],[106.606,22.602],[106.602,22.564],[106.588,22.551],[106.579,22.52],[106.583,22.477],[106.567,22.471],[106.558,22.451],[106.563,22.411],[106.585,22.383],[106.582,22.368],[106.56,22.361],[106.558,22.35],[106.618,22.334],[106.651,22.339],[106.666,22.312],[106.665,22.29],[106.69,22.278],[106.683,22.265],[106.7,22.221],[106.669,22.186],[106.684,22.166],[106.704,22.162],[106.688,22.14],[106.694,22.111],[106.71,22.098],[106.709,22.066],[106.695,22.047],[106.706,22.026],[106.683,22.005],[106.683,21.985],[106.695,21.98],[106.698,21.961],[106.705,21.977],[106.721,21.979],[106.736,22.009],[106.766,22.013],[106.809,21.975],[106.859,21.986],[106.901,21.973],[106.915,21.977],[106.928,21.932],[106.95,21.935],[106.959,21.921],[106.977,21.928],[106.992,21.955],[107.038,21.932],[107.059,21.932],[107.063,21.895],[107.016,21.864],[107.002,21.846],[107.004,21.833],[107.032,21.818],[107.085,21.81],[107.138,21.764],[107.182,21.749],[107.232,21.708],[107.246,21.707],[107.261,21.73],[107.3,21.743],[107.32,21.727],[107.322,21.707],[107.358,21.666],[107.362,21.641],[107.352,21.631],[107.361,21.601],[107.336,21.59],[107.295,21.595],[107.279,21.567],[107.254,21.563],[107.243,21.55],[107.219,21.555],[107.202,21.543],[107.232,21.519],[107.244,21.484],[107.237,21.461],[107.263,21.4],[107.251,21.368],[107.239,21.365],[107.212,21.389],[107.167,21.364],[107.096,21.375],[107.076,21.347],[107.06,21.348],[107.047,21.33],[107.03,21.325],[107.022,21.303],[106.971,21.285],[106.984,21.261],[106.977,21.228],[106.955,21.208],[106.939,21.173],[106.915,21.185],[106.881,21.184],[106.869,21.175],[106.859,21.177],[106.855,21.189],[106.826,21.189],[106.831,21.153],[106.791,21.15],[106.64,21.181],[106.636,21.17],[106.608,21.172],[106.579,21.193],[106.542,21.192],[106.527,21.223],[106.503,21.224],[106.487,21.238],[106.466,21.228],[106.423,21.232],[106.411,21.209],[106.373,21.197],[106.364,21.174],[106.343,21.174],[106.345,21.167],[106.322,21.194],[106.311,21.195],[106.308,21.181],[106.321,21.149],[106.297,21.123],[106.271,21.134],[106.252,21.173],[106.206,21.156],[106.218,21.177],[106.17,21.181],[106.142,21.215],[106.126,21.216],[106.117,21.199],[106.052,21.229],[106.04,21.203],[106.034,21.246],[105.993,21.265],[105.984,21.254],[105.989,21.237],[105.976,21.225],[105.94,21.234],[105.921,21.273],[105.929,21.296],[105.897,21.307],[105.896,21.327],[105.863,21.331],[105.851,21.351],[105.856,21.377],[105.831,21.374],[105.798,21.386],[105.783,21.36],[105.774,21.362],[105.758,21.38],[105.762,21.398],[105.751,21.414],[105.728,21.41],[105.719,21.416],[105.722,21.434],[105.686,21.443],[105.672,21.459],[105.65,21.458],[105.63,21.48],[105.633,21.494],[105.61,21.507],[105.602,21.53],[105.583,21.536],[105.552,21.573],[105.54,21.575],[105.518,21.535],[105.493,21.529],[105.485,21.518],[105.457,21.519],[105.422,21.498],[105.41,21.514],[105.388,21.512],[105.369,21.526],[105.342,21.518],[105.338,21.505],[105.322,21.505]]]}},{"type":"Feature","properties":{"_rg":"Đồng bằng sông Hồng"},"geometry":{"type":"MultiPolygon","coordinates":[[[[106.103,19.891],[106.124,19.907],[106.126,19.907],[106.103,19.891]]],[[[106.128,19.912],[106.137,19.921],[106.128,19.911],[106.128,19.912]]],[[[106.141,19.923],[106.147,19.939],[106.149,19.939],[106.141,19.923]]],[[[105.834,20.418],[105.86,20.422],[105.85,20.478],[105.821,20.491],[105.816,20.505],[105.805,20.5],[105.763,20.578],[105.741,20.6],[105.706,20.6],[105.698,20.623],[105.665,20.621],[105.663,20.63],[105.683,20.636],[105.668,20.68],[105.682,20.695],[105.642,20.746],[105.647,20.794],[105.628,20.795],[105.627,20.822],[105.64,20.828],[105.635,20.84],[105.629,20.831],[105.599,20.842],[105.581,20.813],[105.561,20.811],[105.584,20.841],[105.583,20.859],[105.558,20.881],[105.541,20.882],[105.583,20.923],[105.578,20.929],[105.525,20.929],[105.514,20.941],[105.501,20.93],[105.482,20.95],[105.443,20.957],[105.416,20.998],[105.391,21.004],[105.385,21.025],[105.354,21.009],[105.329,21.009],[105.326,21.022],[105.315,21.013],[105.296,21.035],[105.293,21.057],[105.318,21.112],[105.286,21.171],[105.306,21.195],[105.34,21.21],[105.361,21.292],[105.402,21.298],[105.447,21.266],[105.455,21.308],[105.445,21.324],[105.393,21.361],[105.397,21.413],[105.387,21.429],[105.372,21.435],[105.35,21.419],[105.34,21.424],[105.341,21.448],[105.321,21.5],[105.323,21.508],[105.338,21.505],[105.343,21.519],[105.379,21.523],[105.388,21.512],[105.41,21.514],[105.422,21.498],[105.457,21.519],[105.485,21.518],[105.493,21.529],[105.518,21.535],[105.54,21.575],[105.552,21.573],[105.583,21.536],[105.602,21.53],[105.61,21.507],[105.633,21.494],[105.63,21.48],[105.65,21.458],[105.672,21.459],[105.686,21.443],[105.722,21.434],[105.719,21.416],[105.728,21.41],[105.751,21.414],[105.762,21.398],[105.758,21.38],[105.774,21.362],[105.783,21.36],[105.798,21.386],[105.831,21.374],[105.856,21.377],[105.851,21.351],[105.863,21.331],[105.896,21.327],[105.897,21.307],[105.929,21.296],[105.921,21.273],[105.94,21.234],[105.976,21.225],[105.989,21.237],[105.984,21.254],[105.993,21.265],[106.034,21.246],[106.04,21.203],[106.052,21.229],[106.117,21.199],[106.126,21.216],[106.142,21.215],[106.17,21.181],[106.218,21.177],[106.206,21.156],[106.252,21.173],[106.271,21.134],[106.297,21.123],[106.321,21.149],[106.308,21.181],[106.311,21.195],[106.322,21.194],[106.345,21.167],[106.343,21.174],[106.364,21.174],[106.373,21.197],[106.411,21.209],[106.423,21.232],[106.466,21.228],[106.487,21.238],[106.503,21.224],[106.527,21.223],[106.542,21.192],[106.579,21.193],[106.608,21.172],[106.636,21.17],[106.64,21.181],[106.79,21.15],[106.831,21.153],[106.826,21.189],[106.855,21.189],[106.859,21.177],[106.869,21.175],[106.881,21.184],[106.915,21.185],[106.933,21.17],[106.977,21.228],[106.984,21.261],[106.971,21.285],[107.022,21.303],[107.03,21.325],[107.047,21.33],[107.06,21.348],[107.076,21.347],[107.096,21.375],[107.167,21.364],[107.212,21.389],[107.239,21.365],[107.253,21.37],[107.263,21.4],[107.237,21.461],[107.244,21.484],[107.232,21.519],[107.204,21.544],[107.223,21.555],[107.243,21.55],[107.254,21.563],[107.279,21.567],[107.295,21.595],[107.336,21.59],[107.367,21.603],[107.382,21.597],[107.415,21.641],[107.46,21.664],[107.478,21.66],[107.495,21.636],[107.495,21.614],[107.481,21.599],[107.54,21.59],[107.557,21.613],[107.572,21.618],[107.59,21.607],[107.675,21.61],[107.783,21.657],[107.816,21.658],[107.841,21.642],[107.857,21.655],[107.887,21.626],[107.881,21.61],[107.897,21.589],[107.922,21.59],[107.94,21.571],[107.953,21.538],[108.003,21.549],[108.024,21.549],[108.036,21.547],[108.001,21.542],[108.022,21.529],[108.003,21.528],[108.011,21.487],[108.067,21.494],[108.065,21.486],[108.009,21.473],[107.967,21.434],[107.989,21.485],[107.963,21.494],[107.959,21.478],[107.928,21.466],[107.94,21.491],[107.956,21.495],[107.922,21.503],[107.916,21.527],[107.901,21.522],[107.888,21.53],[107.888,21.509],[107.879,21.508],[107.856,21.529],[107.838,21.503],[107.831,21.515],[107.837,21.527],[107.798,21.512],[107.775,21.525],[107.745,21.503],[107.773,21.507],[107.794,21.498],[107.801,21.482],[107.772,21.46],[107.768,21.444],[107.746,21.442],[107.756,21.424],[107.746,21.402],[107.711,21.415],[107.71,21.405],[107.687,21.414],[107.68,21.404],[107.673,21.416],[107.659,21.403],[107.67,21.385],[107.637,21.382],[107.639,21.362],[107.63,21.358],[107.626,21.337],[107.61,21.34],[107.613,21.325],[107.598,21.317],[107.602,21.296],[107.568,21.309],[107.568,21.319],[107.548,21.323],[107.524,21.342],[107.522,21.323],[107.503,21.31],[107.51,21.3],[107.469,21.308],[107.445,21.325],[107.448,21.309],[107.428,21.305],[107.452,21.286],[107.422,21.288],[107.413,21.299],[107.419,21.27],[107.393,21.31],[107.375,21.318],[107.371,21.307],[107.361,21.311],[107.37,21.288],[107.359,21.287],[107.368,21.268],[107.356,21.155],[107.379,21.169],[107.389,21.129],[107.38,21.108],[107.365,21.1],[107.375,21.086],[107.349,21.081],[107.365,21.066],[107.362,21.041],[107.371,21.026],[107.355,21.003],[107.326,20.994],[107.304,21.0],[107.301,20.993],[107.292,21.001],[107.258,20.996],[107.248,21.002],[107.219,20.994],[107.214,20.988],[107.229,20.986],[107.225,20.978],[107.198,20.963],[107.186,20.95],[107.174,20.951],[107.189,20.936],[107.17,20.941],[107.153,20.925],[107.163,20.945],[107.145,20.932],[107.14,20.944],[107.119,20.938],[107.092,20.952],[107.074,20.947],[107.062,20.963],[107.028,20.948],[106.984,20.957],[106.904,20.956],[106.927,20.932],[106.926,20.913],[106.899,20.906],[106.881,20.934],[106.871,20.909],[106.845,20.907],[106.84,20.893],[106.864,20.856],[106.865,20.833],[106.901,20.802],[106.848,20.792],[106.831,20.85],[106.819,20.854],[106.793,20.851],[106.773,20.836],[106.786,20.823],[106.807,20.821],[106.801,20.811],[106.763,20.813],[106.745,20.782],[106.731,20.782],[106.756,20.772],[106.789,20.723],[106.799,20.723],[106.79,20.703],[106.806,20.677],[106.765,20.714],[106.715,20.688],[106.691,20.689],[106.702,20.673],[106.694,20.657],[106.665,20.636],[106.624,20.629],[106.624,20.603],[106.572,20.559],[106.584,20.544],[106.574,20.525],[106.597,20.441],[106.578,20.372],[106.565,20.381],[106.577,20.364],[106.588,20.304],[106.577,20.284],[106.561,20.277],[106.576,20.262],[106.564,20.232],[106.549,20.225],[106.545,20.24],[106.517,20.24],[106.491,20.221],[106.403,20.207],[106.353,20.179],[106.196,20.0],[106.187,20.0],[106.18,19.974],[106.157,19.953],[106.149,19.957],[106.16,19.962],[106.137,19.968],[106.105,19.958],[106.114,19.956],[106.112,19.946],[106.091,19.943],[106.081,19.923],[106.064,19.918],[106.051,19.947],[106.025,19.967],[106.023,19.986],[106.032,20.001],[106.053,20.009],[106.072,20.066],[105.959,20.067],[105.92,20.105],[105.792,20.17],[105.74,20.186],[105.692,20.223],[105.649,20.274],[105.615,20.286],[105.596,20.314],[105.562,20.317],[105.543,20.354],[105.541,20.363],[105.597,20.365],[105.685,20.307],[105.727,20.34],[105.684,20.411],[105.729,20.4],[105.728,20.387],[105.743,20.382],[105.744,20.367],[105.755,20.368],[105.757,20.379],[105.75,20.441],[105.78,20.438],[105.79,20.455],[105.806,20.431],[105.834,20.418]]],[[[106.564,20.212],[106.573,20.216],[106.562,20.208],[106.564,20.212]]],[[[106.595,20.22],[106.598,20.221],[106.596,20.218],[106.595,20.22]]],[[[106.575,20.214],[106.583,20.229],[106.585,20.239],[106.585,20.229],[106.575,20.214]]],[[[106.592,20.3],[106.603,20.272],[106.589,20.254],[106.579,20.281],[106.592,20.3]]],[[[106.605,20.283],[106.609,20.288],[106.604,20.278],[106.605,20.283]]],[[[106.598,20.422],[106.608,20.434],[106.608,20.447],[106.61,20.433],[106.598,20.422]]],[[[106.602,20.467],[106.599,20.484],[106.598,20.499],[106.604,20.492],[106.602,20.467]]],[[[106.812,20.668],[106.816,20.669],[106.816,20.667],[106.812,20.668]]],[[[107.017,20.711],[107.019,20.717],[107.023,20.711],[107.017,20.711]]],[[[107.009,20.72],[107.012,20.723],[107.013,20.719],[107.009,20.72]]],[[[106.834,20.77],[106.839,20.775],[106.839,20.769],[106.834,20.77]]],[[[106.953,20.856],[106.974,20.851],[106.979,20.859],[106.978,20.847],[106.993,20.862],[107.002,20.857],[106.998,20.846],[107.004,20.853],[107.008,20.843],[107.013,20.841],[107.007,20.861],[107.033,20.863],[107.044,20.847],[107.042,20.83],[107.035,20.832],[107.044,20.817],[107.05,20.815],[107.045,20.829],[107.046,20.835],[107.049,20.827],[107.058,20.835],[107.064,20.814],[107.075,20.825],[107.106,20.802],[107.107,20.788],[107.101,20.797],[107.077,20.808],[107.1,20.78],[107.082,20.779],[107.051,20.819],[107.072,20.781],[107.045,20.776],[107.056,20.768],[107.046,20.764],[107.032,20.784],[107.043,20.759],[107.07,20.746],[107.065,20.737],[107.055,20.749],[107.051,20.716],[107.044,20.714],[107.048,20.723],[107.035,20.732],[107.032,20.721],[107.015,20.728],[107.014,20.735],[107.04,20.738],[107.015,20.74],[107.013,20.754],[107.007,20.746],[106.994,20.749],[106.998,20.729],[106.964,20.76],[106.977,20.76],[106.954,20.789],[106.916,20.799],[106.95,20.796],[106.933,20.816],[106.947,20.821],[106.937,20.828],[106.945,20.836],[106.948,20.845],[106.94,20.852],[106.948,20.851],[106.941,20.866],[106.95,20.868],[106.95,20.88],[106.953,20.856]]],[[[106.937,20.823],[106.94,20.824],[106.94,20.822],[106.937,20.823]]],[[[106.933,20.829],[106.937,20.831],[106.933,20.827],[106.933,20.829]]],[[[106.939,20.835],[106.929,20.836],[106.926,20.844],[106.941,20.846],[106.939,20.835]]],[[[106.888,20.846],[106.878,20.852],[106.891,20.86],[106.887,20.874],[106.896,20.858],[106.888,20.846]]],[[[106.955,20.86],[106.959,20.863],[106.957,20.859],[106.955,20.86]]],[[[106.981,20.864],[106.985,20.867],[106.986,20.866],[106.981,20.864]]],[[[106.993,20.866],[106.995,20.869],[106.996,20.865],[106.993,20.866]]],[[[107.023,20.87],[107.027,20.866],[107.024,20.865],[107.023,20.87]]],[[[106.957,20.879],[106.975,20.865],[106.963,20.86],[106.961,20.873],[106.957,20.879]]],[[[106.955,20.87],[106.96,20.869],[106.957,20.866],[106.955,20.87]]],[[[106.941,20.869],[106.941,20.874],[106.943,20.869],[106.941,20.869]]],[[[107.002,20.873],[107.012,20.879],[107.01,20.87],[107.012,20.865],[107.002,20.873]]],[[[107.013,20.869],[107.016,20.877],[107.02,20.873],[107.013,20.869]]],[[[106.943,20.872],[106.946,20.873],[106.944,20.871],[106.943,20.872]]],[[[106.932,20.877],[106.938,20.878],[106.934,20.874],[106.932,20.877]]],[[[106.958,20.881],[106.964,20.882],[106.965,20.877],[106.958,20.881]]],[[[106.97,20.886],[106.972,20.88],[106.97,20.876],[106.967,20.878],[106.97,20.886]]],[[[106.991,20.891],[106.995,20.871],[106.978,20.872],[106.984,20.88],[106.976,20.89],[106.991,20.891]]],[[[107.003,20.88],[107.0,20.892],[107.006,20.897],[107.011,20.885],[107.003,20.88]]],[[[106.948,20.885],[106.952,20.893],[106.959,20.888],[106.948,20.885]]],[[[106.996,20.887],[106.997,20.895],[106.998,20.895],[106.996,20.887]]],[[[106.964,20.885],[106.963,20.896],[106.964,20.898],[106.964,20.885]]],[[[106.97,20.895],[106.973,20.896],[106.974,20.891],[106.97,20.895]]],[[[107.01,20.898],[107.014,20.901],[107.013,20.896],[107.01,20.898]]],[[[106.968,20.899],[106.969,20.906],[106.971,20.904],[106.968,20.899]]],[[[107.006,20.905],[107.01,20.909],[107.01,20.904],[107.006,20.905]]],[[[107.017,20.901],[107.017,20.915],[107.022,20.902],[107.017,20.901]]],[[[106.94,20.911],[106.947,20.91],[106.948,20.908],[106.94,20.911]]],[[[106.942,20.915],[106.948,20.918],[106.945,20.912],[106.942,20.915]]],[[[106.974,20.936],[106.993,20.939],[106.989,20.917],[106.977,20.929],[106.974,20.936]]],[[[107.145,20.615],[107.148,20.618],[107.15,20.614],[107.145,20.615]]],[[[107.134,20.62],[107.141,20.62],[107.14,20.617],[107.134,20.62]]],[[[107.072,20.705],[107.075,20.704],[107.072,20.703],[107.072,20.705]]],[[[107.038,20.704],[107.037,20.711],[107.041,20.704],[107.038,20.704]]],[[[107.061,20.714],[107.066,20.715],[107.066,20.712],[107.061,20.714]]],[[[107.06,20.723],[107.065,20.721],[107.062,20.719],[107.06,20.723]]],[[[107.075,20.729],[107.08,20.731],[107.08,20.725],[107.075,20.729]]],[[[107.06,20.728],[107.068,20.736],[107.066,20.728],[107.06,20.728]]],[[[107.078,20.737],[107.083,20.737],[107.083,20.733],[107.078,20.737]]],[[[107.147,20.738],[107.151,20.735],[107.147,20.735],[107.147,20.738]]],[[[107.079,20.748],[107.069,20.76],[107.085,20.747],[107.079,20.748]]],[[[107.142,20.768],[107.135,20.747],[107.144,20.744],[107.129,20.741],[107.125,20.753],[107.142,20.768]]],[[[107.143,20.756],[107.148,20.756],[107.146,20.753],[107.143,20.756]]],[[[107.152,20.751],[107.145,20.763],[107.152,20.758],[107.152,20.751]]],[[[107.054,20.756],[107.062,20.759],[107.062,20.758],[107.054,20.756]]],[[[107.12,20.761],[107.125,20.762],[107.122,20.759],[107.12,20.761]]],[[[107.079,20.766],[107.087,20.761],[107.086,20.758],[107.083,20.759],[107.079,20.766]]],[[[107.06,20.761],[107.066,20.764],[107.069,20.762],[107.06,20.761]]],[[[107.129,20.759],[107.125,20.769],[107.133,20.763],[107.129,20.759]]],[[[107.074,20.77],[107.079,20.769],[107.072,20.765],[107.074,20.77]]],[[[107.09,20.776],[107.085,20.765],[107.078,20.777],[107.09,20.776]]],[[[107.095,20.773],[107.1,20.774],[107.098,20.768],[107.095,20.773]]],[[[107.07,20.775],[107.076,20.774],[107.073,20.772],[107.07,20.775]]],[[[107.131,20.775],[107.135,20.777],[107.134,20.775],[107.131,20.775]]],[[[107.134,20.799],[107.129,20.771],[107.122,20.77],[107.111,20.808],[107.134,20.799]]],[[[107.097,20.791],[107.103,20.792],[107.101,20.789],[107.097,20.791]]],[[[107.119,20.807],[107.117,20.813],[107.122,20.809],[107.119,20.807]]],[[[107.125,20.812],[107.129,20.814],[107.127,20.811],[107.125,20.812]]],[[[107.065,20.824],[107.07,20.829],[107.073,20.828],[107.065,20.824]]],[[[107.136,20.835],[107.14,20.832],[107.137,20.829],[107.136,20.835]]],[[[107.07,20.838],[107.077,20.841],[107.086,20.834],[107.08,20.831],[107.07,20.838]]],[[[107.123,20.84],[107.115,20.835],[107.111,20.842],[107.123,20.84]]],[[[107.047,20.84],[107.051,20.841],[107.049,20.839],[107.047,20.84]]],[[[107.098,20.859],[107.105,20.828],[107.094,20.834],[107.094,20.846],[107.088,20.837],[107.082,20.846],[107.098,20.859]]],[[[107.052,20.847],[107.054,20.853],[107.056,20.85],[107.052,20.847]]],[[[107.108,20.855],[107.116,20.855],[107.117,20.851],[107.108,20.855]]],[[[107.043,20.853],[107.048,20.857],[107.046,20.853],[107.043,20.853]]],[[[107.145,20.859],[107.15,20.861],[107.148,20.856],[107.145,20.859]]],[[[107.128,20.861],[107.13,20.865],[107.137,20.86],[107.128,20.861]]],[[[107.065,20.858],[107.066,20.867],[107.07,20.862],[107.065,20.858]]],[[[107.081,20.868],[107.084,20.863],[107.08,20.866],[107.081,20.868]]],[[[107.147,20.865],[107.144,20.87],[107.137,20.87],[107.144,20.874],[107.147,20.865]]],[[[107.035,20.872],[107.043,20.876],[107.045,20.869],[107.041,20.866],[107.035,20.872]]],[[[107.114,20.872],[107.118,20.874],[107.117,20.87],[107.114,20.872]]],[[[107.057,20.879],[107.066,20.874],[107.064,20.869],[107.058,20.87],[107.057,20.879]]],[[[107.135,20.879],[107.14,20.876],[107.136,20.872],[107.135,20.879]]],[[[107.038,20.879],[107.028,20.884],[107.036,20.885],[107.038,20.879]]],[[[107.104,20.896],[107.108,20.892],[107.104,20.892],[107.104,20.896]]],[[[107.105,20.907],[107.109,20.91],[107.107,20.905],[107.105,20.907]]],[[[107.147,20.912],[107.154,20.91],[107.152,20.908],[107.147,20.912]]],[[[107.125,20.914],[107.128,20.911],[107.124,20.908],[107.125,20.914]]],[[[107.104,20.93],[107.108,20.93],[107.106,20.928],[107.104,20.93]]],[[[107.127,20.931],[107.132,20.929],[107.127,20.928],[107.127,20.931]]],[[[107.095,20.93],[107.097,20.942],[107.103,20.934],[107.095,20.93]]],[[[107.075,20.936],[107.08,20.936],[107.076,20.934],[107.075,20.936]]],[[[107.083,20.949],[107.085,20.943],[107.082,20.938],[107.081,20.941],[107.083,20.949]]],[[[107.203,20.615],[107.203,20.619],[107.207,20.615],[107.203,20.615]]],[[[107.153,20.624],[107.16,20.627],[107.158,20.621],[107.153,20.624]]],[[[107.155,20.742],[107.159,20.744],[107.159,20.742],[107.155,20.742]]],[[[107.18,20.774],[107.186,20.778],[107.185,20.773],[107.18,20.774]]],[[[107.168,20.779],[107.172,20.778],[107.168,20.776],[107.168,20.779]]],[[[107.172,20.799],[107.178,20.797],[107.17,20.795],[107.172,20.799]]],[[[107.171,20.806],[107.172,20.81],[107.173,20.807],[107.171,20.806]]],[[[107.183,20.811],[107.188,20.809],[107.185,20.806],[107.183,20.811]]],[[[107.165,20.813],[107.17,20.821],[107.172,20.815],[107.165,20.813]]],[[[107.175,20.82],[107.174,20.826],[107.179,20.823],[107.175,20.82]]],[[[107.252,20.826],[107.256,20.824],[107.252,20.823],[107.252,20.826]]],[[[107.269,20.826],[107.273,20.827],[107.271,20.823],[107.269,20.826]]],[[[107.177,20.827],[107.178,20.831],[107.179,20.827],[107.177,20.827]]],[[[107.22,20.831],[107.223,20.834],[107.224,20.832],[107.22,20.831]]],[[[107.173,20.834],[107.156,20.836],[107.164,20.836],[107.166,20.844],[107.173,20.834]]],[[[107.258,20.839],[107.262,20.836],[107.256,20.836],[107.258,20.839]]],[[[107.212,20.834],[107.205,20.843],[107.214,20.836],[107.212,20.834]]],[[[107.159,20.84],[107.163,20.843],[107.161,20.837],[107.159,20.84]]],[[[107.191,20.84],[107.192,20.844],[107.194,20.842],[107.191,20.84]]],[[[107.151,20.841],[107.156,20.846],[107.157,20.84],[107.151,20.841]]],[[[107.292,20.848],[107.282,20.838],[107.267,20.837],[107.281,20.848],[107.279,20.855],[107.283,20.844],[107.292,20.848]]],[[[107.186,20.844],[107.171,20.848],[107.171,20.855],[107.186,20.844]]],[[[107.242,20.848],[107.25,20.853],[107.254,20.85],[107.251,20.844],[107.242,20.848]]],[[[107.269,20.848],[107.279,20.849],[107.268,20.847],[107.269,20.848]]],[[[107.264,20.852],[107.269,20.855],[107.268,20.85],[107.264,20.852]]],[[[107.217,20.859],[107.217,20.867],[107.221,20.859],[107.217,20.859]]],[[[107.264,20.86],[107.266,20.868],[107.273,20.863],[107.264,20.86]]],[[[107.221,20.868],[107.228,20.865],[107.23,20.863],[107.227,20.861],[107.221,20.868]]],[[[107.16,20.865],[107.164,20.868],[107.166,20.864],[107.16,20.865]]],[[[107.255,20.868],[107.26,20.866],[107.257,20.863],[107.255,20.868]]],[[[107.278,20.864],[107.283,20.868],[107.284,20.866],[107.278,20.864]]],[[[107.211,20.868],[107.215,20.871],[107.215,20.863],[107.211,20.868]]],[[[107.238,20.866],[107.241,20.869],[107.242,20.866],[107.238,20.866]]],[[[107.191,20.868],[107.195,20.87],[107.194,20.867],[107.191,20.868]]],[[[107.261,20.87],[107.261,20.875],[107.266,20.871],[107.261,20.87]]],[[[107.181,20.876],[107.188,20.873],[107.187,20.871],[107.181,20.876]]],[[[107.211,20.874],[107.203,20.865],[107.181,20.882],[107.191,20.888],[107.211,20.874]]],[[[107.231,20.874],[107.232,20.88],[107.235,20.875],[107.231,20.874]]],[[[107.213,20.876],[107.219,20.88],[107.217,20.873],[107.213,20.876]]],[[[107.277,20.877],[107.281,20.88],[107.281,20.876],[107.277,20.877]]],[[[107.167,20.88],[107.171,20.878],[107.167,20.877],[107.167,20.88]]],[[[107.203,20.881],[107.207,20.881],[107.206,20.88],[107.203,20.881]]],[[[107.196,20.887],[107.202,20.888],[107.2,20.885],[107.196,20.887]]],[[[107.153,20.893],[107.161,20.895],[107.161,20.892],[107.153,20.893]]],[[[107.161,20.903],[107.164,20.899],[107.161,20.9],[107.161,20.903]]],[[[107.256,20.912],[107.262,20.912],[107.261,20.91],[107.256,20.912]]],[[[107.192,20.936],[107.198,20.939],[107.198,20.935],[107.192,20.936]]],[[[107.271,20.938],[107.274,20.941],[107.276,20.937],[107.271,20.938]]],[[[107.256,20.953],[107.26,20.95],[107.254,20.951],[107.256,20.953]]],[[[107.198,20.961],[107.2,20.955],[107.191,20.949],[107.191,20.953],[107.198,20.961]]],[[[107.21,20.966],[107.218,20.962],[107.205,20.95],[107.204,20.957],[107.21,20.966]]],[[[107.225,20.976],[107.226,20.969],[107.222,20.973],[107.225,20.976]]],[[[107.263,20.984],[107.269,20.979],[107.264,20.98],[107.263,20.984]]],[[[107.248,20.983],[107.253,20.986],[107.254,20.982],[107.248,20.983]]],[[[107.234,20.99],[107.239,20.992],[107.239,20.987],[107.234,20.99]]],[[[107.346,20.693],[107.344,20.687],[107.341,20.691],[107.346,20.693]]],[[[107.387,20.753],[107.397,20.754],[107.385,20.746],[107.387,20.753]]],[[[107.35,20.835],[107.368,20.824],[107.381,20.829],[107.381,20.796],[107.367,20.807],[107.343,20.806],[107.332,20.854],[107.348,20.822],[107.35,20.835]]],[[[107.308,20.83],[107.312,20.835],[107.311,20.829],[107.308,20.83]]],[[[107.355,20.838],[107.358,20.849],[107.361,20.833],[107.355,20.838]]],[[[107.385,20.849],[107.389,20.845],[107.384,20.847],[107.385,20.849]]],[[[107.341,20.85],[107.346,20.853],[107.344,20.848],[107.341,20.85]]],[[[107.282,20.858],[107.286,20.857],[107.282,20.856],[107.282,20.858]]],[[[107.298,20.862],[107.3,20.868],[107.303,20.861],[107.298,20.862]]],[[[107.317,20.866],[107.321,20.867],[107.321,20.864],[107.317,20.866]]],[[[107.296,20.871],[107.3,20.874],[107.299,20.87],[107.296,20.871]]],[[[107.302,20.876],[107.306,20.873],[107.302,20.873],[107.302,20.876]]],[[[107.348,20.886],[107.373,20.893],[107.384,20.88],[107.38,20.888],[107.385,20.891],[107.393,20.878],[107.371,20.877],[107.389,20.866],[107.349,20.863],[107.339,20.888],[107.336,20.874],[107.327,20.88],[107.329,20.896],[107.348,20.886]]],[[[107.322,20.874],[107.297,20.894],[107.29,20.908],[107.322,20.874]]],[[[107.347,20.9],[107.346,20.889],[107.337,20.901],[107.347,20.9]]],[[[107.365,20.898],[107.373,20.901],[107.375,20.899],[107.365,20.898]]],[[[107.322,20.884],[107.304,20.909],[107.311,20.916],[107.322,20.884]]],[[[107.322,20.903],[107.322,20.909],[107.325,20.903],[107.322,20.903]]],[[[107.301,20.921],[107.304,20.914],[107.302,20.912],[107.299,20.914],[107.301,20.921]]],[[[107.305,20.919],[107.309,20.919],[107.308,20.916],[107.305,20.919]]],[[[107.313,20.923],[107.317,20.929],[107.348,20.917],[107.337,20.916],[107.313,20.923]]],[[[107.434,20.937],[107.403,20.914],[107.367,20.904],[107.343,20.906],[107.406,20.923],[107.419,20.949],[107.452,20.969],[107.434,20.937]]],[[[107.283,20.937],[107.29,20.939],[107.29,20.936],[107.283,20.937]]],[[[107.389,20.94],[107.393,20.943],[107.394,20.938],[107.389,20.94]]],[[[107.288,20.946],[107.295,20.943],[107.296,20.939],[107.29,20.94],[107.288,20.946]]],[[[107.38,20.943],[107.39,20.944],[107.378,20.94],[107.38,20.943]]],[[[107.343,20.926],[107.308,20.939],[107.336,20.945],[107.342,20.937],[107.387,20.965],[107.367,20.936],[107.343,20.926]]],[[[107.328,20.952],[107.331,20.948],[107.324,20.95],[107.328,20.952]]],[[[107.3,20.953],[107.306,20.953],[107.301,20.95],[107.3,20.953]]],[[[107.285,20.955],[107.289,20.96],[107.29,20.959],[107.285,20.955]]],[[[107.305,20.959],[107.305,20.972],[107.314,20.961],[107.305,20.959]]],[[[107.281,20.981],[107.285,20.977],[107.28,20.975],[107.281,20.981]]],[[[107.374,20.976],[107.376,20.98],[107.378,20.978],[107.374,20.976]]],[[[107.401,20.981],[107.405,20.977],[107.4,20.978],[107.401,20.981]]],[[[107.316,20.984],[107.322,20.981],[107.314,20.982],[107.316,20.984]]],[[[107.38,20.984],[107.384,20.981],[107.379,20.982],[107.38,20.984]]],[[[107.296,20.99],[107.283,20.985],[107.28,20.992],[107.296,20.99]]],[[[107.307,20.995],[107.311,20.991],[107.303,20.991],[107.307,20.995]]],[[[107.346,20.995],[107.352,20.994],[107.347,20.992],[107.346,20.995]]],[[[107.377,21.007],[107.383,21.005],[107.381,21.003],[107.377,21.007]]],[[[107.369,21.037],[107.374,21.039],[107.373,21.034],[107.369,21.037]]],[[[107.373,21.056],[107.378,21.052],[107.374,21.043],[107.371,21.047],[107.373,21.056]]],[[[107.377,21.061],[107.381,21.061],[107.38,21.057],[107.377,21.061]]],[[[107.366,21.075],[107.373,21.079],[107.377,21.066],[107.37,21.067],[107.366,21.075]]],[[[107.376,21.077],[107.38,21.074],[107.377,21.074],[107.376,21.077]]],[[[107.354,21.08],[107.359,21.078],[107.353,21.078],[107.354,21.08]]],[[[107.382,21.095],[107.394,21.095],[107.384,21.092],[107.382,21.095]]],[[[107.402,21.157],[107.396,21.135],[107.396,21.158],[107.402,21.157]]],[[[107.395,21.161],[107.401,21.165],[107.399,21.16],[107.395,21.161]]],[[[107.428,21.235],[107.4,21.216],[107.387,21.22],[107.375,21.203],[107.379,21.23],[107.395,21.25],[107.43,21.256],[107.428,21.235]]],[[[107.367,21.233],[107.374,21.245],[107.37,21.231],[107.367,21.233]]],[[[107.383,21.279],[107.38,21.272],[107.379,21.274],[107.383,21.279]]],[[[107.401,21.278],[107.406,21.275],[107.398,21.277],[107.401,21.278]]],[[[107.372,21.275],[107.374,21.281],[107.376,21.278],[107.372,21.275]]],[[[107.374,21.285],[107.377,21.29],[107.382,21.282],[107.374,21.285]]],[[[107.392,21.285],[107.378,21.297],[107.375,21.31],[107.392,21.296],[107.392,21.285]]],[[[107.445,20.719],[107.468,20.741],[107.471,20.741],[107.456,20.719],[107.445,20.719]]],[[[107.478,20.758],[107.479,20.772],[107.488,20.77],[107.478,20.758]]],[[[107.487,20.779],[107.492,20.776],[107.487,20.774],[107.487,20.779]]],[[[107.408,20.77],[107.399,20.784],[107.405,20.81],[107.42,20.798],[107.408,20.77]]],[[[107.409,20.852],[107.415,20.857],[107.412,20.85],[107.409,20.852]]],[[[107.557,20.94],[107.495,20.869],[107.469,20.816],[107.49,20.872],[107.475,20.886],[107.508,20.886],[107.555,20.97],[107.549,20.948],[107.557,20.94]]],[[[107.463,20.894],[107.467,20.896],[107.469,20.89],[107.463,20.894]]],[[[107.449,20.897],[107.429,20.885],[107.414,20.894],[107.442,20.906],[107.449,20.897]]],[[[107.478,20.896],[107.481,20.902],[107.516,20.916],[107.502,20.895],[107.478,20.896]]],[[[107.519,20.92],[107.527,20.924],[107.52,20.919],[107.519,20.92]]],[[[107.442,20.933],[107.469,20.976],[107.477,20.978],[107.472,20.956],[107.442,20.933]]],[[[107.541,21.001],[107.548,20.992],[107.534,20.985],[107.523,20.938],[107.509,20.92],[107.48,20.919],[107.458,20.906],[107.436,20.912],[107.392,20.892],[107.394,20.903],[107.433,20.918],[107.481,20.96],[107.489,20.957],[107.491,20.979],[107.481,20.975],[107.476,20.986],[107.508,21.019],[107.502,21.0],[107.509,21.002],[107.535,21.042],[107.535,21.01],[107.549,21.032],[107.55,21.046],[107.554,21.039],[107.541,21.001]]],[[[107.436,20.979],[107.441,20.983],[107.442,20.977],[107.436,20.979]]],[[[107.468,20.981],[107.473,20.982],[107.469,20.978],[107.468,20.981]]],[[[107.421,20.995],[107.424,20.998],[107.425,20.995],[107.421,20.995]]],[[[107.441,21.01],[107.446,21.01],[107.446,21.005],[107.441,21.01]]],[[[107.401,21.012],[107.406,21.011],[107.402,21.01],[107.401,21.012]]],[[[107.454,21.012],[107.458,21.016],[107.456,21.011],[107.454,21.012]]],[[[107.44,21.013],[107.438,21.02],[107.444,21.029],[107.44,21.013]]],[[[107.446,21.023],[107.451,21.027],[107.448,21.018],[107.446,21.023]]],[[[107.457,21.025],[107.461,21.028],[107.46,21.024],[107.457,21.025]]],[[[107.536,21.025],[107.543,21.031],[107.538,21.025],[107.536,21.025]]],[[[107.488,21.028],[107.488,21.033],[107.49,21.029],[107.488,21.028]]],[[[107.421,21.035],[107.427,21.034],[107.42,21.031],[107.421,21.035]]],[[[107.495,21.034],[107.5,21.04],[107.502,21.038],[107.495,21.034]]],[[[107.554,21.029],[107.554,21.044],[107.556,21.046],[107.554,21.029]]],[[[107.54,21.036],[107.545,21.044],[107.544,21.033],[107.54,21.036]]],[[[107.484,21.04],[107.489,21.039],[107.487,21.037],[107.484,21.04]]],[[[107.439,21.048],[107.444,21.047],[107.438,21.044],[107.439,21.048]]],[[[107.52,21.049],[107.526,21.049],[107.522,21.046],[107.52,21.049]]],[[[107.465,21.054],[107.47,21.054],[107.468,21.052],[107.465,21.054]]],[[[107.43,21.056],[107.436,21.055],[107.429,21.054],[107.43,21.056]]],[[[107.535,21.056],[107.539,21.057],[107.538,21.054],[107.535,21.056]]],[[[107.535,21.065],[107.515,21.047],[107.491,21.042],[107.516,21.06],[107.525,21.074],[107.535,21.065]]],[[[107.498,21.06],[107.504,21.062],[107.504,21.059],[107.498,21.06]]],[[[107.558,21.052],[107.546,21.06],[107.556,21.071],[107.558,21.052]]],[[[107.514,21.068],[107.505,21.066],[107.504,21.067],[107.514,21.068]]],[[[107.489,21.068],[107.49,21.064],[107.486,21.064],[107.489,21.068]]],[[[107.57,21.064],[107.572,21.069],[107.574,21.064],[107.57,21.064]]],[[[107.439,21.067],[107.444,21.066],[107.439,21.065],[107.439,21.067]]],[[[107.512,21.076],[107.5,21.069],[107.495,21.073],[107.512,21.076]]],[[[107.57,21.08],[107.575,21.084],[107.573,21.077],[107.57,21.08]]],[[[107.487,21.089],[107.494,21.09],[107.49,21.086],[107.487,21.089]]],[[[107.578,21.122],[107.566,21.083],[107.557,21.088],[107.541,21.089],[107.56,21.082],[107.538,21.066],[107.523,21.079],[107.551,21.118],[107.563,21.113],[107.578,21.122]]],[[[107.564,21.12],[107.555,21.122],[107.558,21.134],[107.58,21.139],[107.564,21.12]]],[[[107.508,21.124],[107.524,21.144],[107.536,21.146],[107.508,21.124]]],[[[107.429,21.143],[107.43,21.148],[107.431,21.146],[107.429,21.143]]],[[[107.518,21.149],[107.523,21.146],[107.518,21.147],[107.518,21.149]]],[[[107.457,21.276],[107.511,21.237],[107.508,21.229],[107.526,21.223],[107.533,21.19],[107.581,21.207],[107.597,21.22],[107.608,21.214],[107.541,21.146],[107.535,21.16],[107.512,21.149],[107.517,21.144],[107.501,21.132],[107.504,21.122],[107.47,21.091],[107.451,21.094],[107.41,21.052],[107.38,21.042],[107.39,21.064],[107.378,21.068],[107.383,21.077],[107.38,21.084],[107.397,21.096],[107.398,21.117],[107.43,21.128],[107.442,21.15],[107.432,21.165],[107.425,21.155],[107.418,21.171],[107.43,21.176],[107.445,21.163],[107.445,21.186],[107.479,21.182],[107.455,21.205],[107.464,21.209],[107.45,21.236],[107.46,21.249],[107.452,21.266],[107.457,21.276]]],[[[107.436,21.183],[107.42,21.186],[107.429,21.196],[107.436,21.183]]],[[[107.567,21.209],[107.587,21.217],[107.565,21.207],[107.567,21.209]]],[[[107.541,21.258],[107.541,21.268],[107.547,21.26],[107.541,21.258]]],[[[107.586,21.264],[107.555,21.256],[107.557,21.264],[107.545,21.269],[107.569,21.278],[107.586,21.264]]],[[[107.543,21.281],[107.544,21.276],[107.539,21.279],[107.543,21.281]]],[[[107.55,21.28],[107.555,21.284],[107.557,21.281],[107.55,21.28]]],[[[107.483,21.292],[107.488,21.294],[107.487,21.29],[107.483,21.292]]],[[[107.735,20.146],[107.73,20.129],[107.715,20.13],[107.718,20.135],[107.735,20.146]]],[[[107.784,20.975],[107.788,20.977],[107.788,20.974],[107.784,20.975]]],[[[107.802,20.982],[107.81,20.984],[107.804,20.979],[107.802,20.982]]],[[[107.746,21.025],[107.784,20.989],[107.779,20.983],[107.76,20.999],[107.757,20.983],[107.765,20.979],[107.768,20.989],[107.778,20.971],[107.737,20.945],[107.761,20.973],[107.73,21.007],[107.746,21.025]]],[[[107.86,21.031],[107.821,20.997],[107.82,20.985],[107.804,20.993],[107.834,21.043],[107.854,21.046],[107.86,21.031]]],[[[107.817,21.038],[107.823,21.037],[107.819,21.033],[107.817,21.038]]],[[[107.777,21.052],[107.773,21.035],[107.761,21.034],[107.777,21.052]]],[[[107.63,21.126],[107.575,20.981],[107.562,20.971],[107.573,20.99],[107.564,20.999],[107.571,21.022],[107.59,21.039],[107.581,21.042],[107.585,21.071],[107.63,21.126]]],[[[107.861,21.061],[107.864,21.056],[107.861,21.054],[107.861,21.061]]],[[[107.768,21.071],[107.774,21.071],[107.77,21.067],[107.768,21.071]]],[[[107.579,21.089],[107.584,21.091],[107.58,21.085],[107.579,21.089]]],[[[107.583,21.102],[107.587,21.099],[107.582,21.094],[107.583,21.102]]],[[[107.814,21.117],[107.82,21.111],[107.8,21.104],[107.8,21.106],[107.814,21.117]]],[[[107.596,21.114],[107.599,21.111],[107.596,21.11],[107.596,21.114]]],[[[107.601,21.122],[107.609,21.126],[107.605,21.119],[107.601,21.122]]],[[[107.791,21.132],[107.796,21.132],[107.792,21.131],[107.791,21.132]]],[[[107.642,21.14],[107.649,21.14],[107.641,21.134],[107.642,21.14]]],[[[107.844,21.141],[107.85,21.136],[107.847,21.135],[107.844,21.141]]],[[[107.863,21.148],[107.87,21.144],[107.868,21.14],[107.863,21.148]]],[[[107.579,21.149],[107.588,21.154],[107.58,21.143],[107.579,21.149]]],[[[107.85,21.154],[107.859,21.162],[107.862,21.16],[107.85,21.154]]],[[[107.859,21.164],[107.866,21.168],[107.866,21.162],[107.859,21.164]]],[[[107.656,21.139],[107.66,21.191],[107.68,21.216],[107.656,21.139]]],[[[107.615,21.175],[107.625,21.193],[107.615,21.173],[107.615,21.175]]],[[[108.009,21.198],[108.02,21.2],[108.018,21.196],[108.009,21.198]]],[[[108.009,21.212],[108.014,21.213],[108.012,21.21],[108.009,21.212]]],[[[107.68,21.222],[107.695,21.235],[107.68,21.221],[107.68,21.222]]],[[[107.58,21.228],[107.598,21.233],[107.578,21.225],[107.58,21.228]]],[[[107.639,21.243],[107.632,21.234],[107.627,21.235],[107.628,21.239],[107.639,21.243]]],[[[107.976,21.231],[107.945,21.239],[107.961,21.248],[107.975,21.246],[107.976,21.231]]],[[[107.613,21.238],[107.59,21.239],[107.641,21.261],[107.638,21.253],[107.613,21.238]]],[[[107.672,21.261],[107.678,21.261],[107.673,21.258],[107.672,21.261]]],[[[107.685,21.269],[107.694,21.271],[107.683,21.267],[107.685,21.269]]],[[[107.639,21.27],[107.647,21.274],[107.647,21.268],[107.639,21.27]]],[[[107.65,21.278],[107.667,21.281],[107.649,21.271],[107.65,21.278]]],[[[107.699,21.302],[107.671,21.275],[107.651,21.267],[107.669,21.28],[107.67,21.291],[107.699,21.302]]],[[[107.793,21.297],[107.749,21.288],[107.764,21.297],[107.793,21.297]]],[[[107.653,21.308],[107.656,21.31],[107.656,21.306],[107.653,21.308]]],[[[107.817,21.358],[107.744,21.304],[107.729,21.304],[107.729,21.311],[107.702,21.303],[107.817,21.358]]],[[[107.853,21.362],[107.857,21.361],[107.854,21.36],[107.853,21.362]]],[[[107.867,21.364],[107.872,21.368],[107.872,21.365],[107.867,21.364]]],[[[107.755,21.374],[107.759,21.365],[107.743,21.364],[107.741,21.37],[107.755,21.374]]],[[[108.002,21.398],[107.945,21.358],[107.891,21.359],[107.844,21.34],[107.841,21.347],[107.847,21.358],[107.845,21.348],[107.874,21.358],[107.88,21.37],[107.873,21.376],[107.827,21.365],[107.861,21.38],[108.002,21.398]]],[[[107.76,21.386],[107.765,21.385],[107.764,21.384],[107.76,21.386]]],[[[107.947,21.458],[107.955,21.458],[107.949,21.453],[107.947,21.458]]],[[[108.09,21.474],[108.092,21.48],[108.095,21.474],[108.09,21.474]]],[[[108.055,21.505],[108.056,21.5],[108.052,21.504],[108.055,21.505]]],[[[107.864,21.505],[107.869,21.507],[107.87,21.503],[107.864,21.505]]],[[[108.035,21.512],[108.043,21.51],[108.044,21.509],[108.037,21.504],[108.035,21.512]]],[[[107.854,21.511],[107.861,21.509],[107.857,21.507],[107.854,21.511]]],[[[108.061,21.516],[108.068,21.515],[108.071,21.512],[108.066,21.511],[108.061,21.516]]]]}},{"type":"Feature","properties":{"_rg":"Bắc Trung Bộ và Duyên hải miền Trung"},"geometry":{"type":"MultiPolygon","coordinates":[[[[109.128,7.814],[109.112,7.834],[109.132,7.85],[109.148,7.83],[109.128,7.814]]],[[[109.083,9.967],[109.079,9.972],[109.082,9.972],[109.083,9.967]]],[[[109.054,9.987],[109.051,9.982],[109.051,9.987],[109.054,9.987]]],[[[108.974,10.046],[108.973,10.041],[108.97,10.045],[108.974,10.046]]],[[[108.905,10.052],[108.902,10.047],[108.901,10.05],[108.905,10.052]]],[[[108.967,10.484],[108.969,10.485],[108.968,10.483],[108.967,10.484]]],[[[108.965,10.488],[108.962,10.498],[108.968,10.497],[108.965,10.488]]],[[[108.96,10.502],[108.962,10.503],[108.962,10.502],[108.96,10.502]]],[[[108.929,10.518],[108.922,10.55],[108.952,10.552],[108.966,10.509],[108.95,10.505],[108.929,10.518]]],[[[108.955,10.555],[108.957,10.556],[108.957,10.554],[108.955,10.555]]],[[[108.95,10.555],[108.951,10.557],[108.951,10.555],[108.95,10.555]]],[[[108.95,10.559],[108.952,10.56],[108.951,10.559],[108.95,10.559]]],[[[108.871,10.62],[108.87,10.625],[108.872,10.623],[108.871,10.62]]],[[[107.802,10.651],[107.799,10.655],[107.803,10.654],[107.802,10.651]]],[[[107.989,10.697],[107.993,10.695],[107.988,10.695],[107.989,10.697]]],[[[108.297,10.913],[108.3,10.909],[108.297,10.91],[108.297,10.913]]],[[[108.885,11.338],[108.786,11.314],[108.775,11.289],[108.754,11.282],[108.727,11.186],[108.706,11.166],[108.693,11.185],[108.643,11.193],[108.616,11.177],[108.588,11.185],[108.56,11.164],[108.521,11.153],[108.494,11.114],[108.475,11.049],[108.457,11.042],[108.432,11.049],[108.412,11.028],[108.379,11.037],[108.362,11.027],[108.344,10.995],[108.337,10.954],[108.307,10.958],[108.294,10.916],[108.279,10.917],[108.276,10.943],[108.227,10.956],[108.187,10.938],[108.134,10.935],[108.085,10.916],[108.037,10.834],[108.014,10.738],[107.992,10.7],[107.896,10.723],[107.83,10.707],[107.752,10.642],[107.682,10.627],[107.57,10.571],[107.566,10.62],[107.542,10.674],[107.541,10.709],[107.502,10.749],[107.504,10.773],[107.551,10.795],[107.574,10.83],[107.558,10.869],[107.558,10.938],[107.541,10.979],[107.506,11.013],[107.47,11.009],[107.437,11.034],[107.393,11.051],[107.415,11.051],[107.421,11.079],[107.443,11.088],[107.452,11.113],[107.433,11.137],[107.456,11.152],[107.459,11.178],[107.469,11.18],[107.487,11.225],[107.498,11.221],[107.495,11.243],[107.521,11.253],[107.517,11.313],[107.534,11.329],[107.544,11.372],[107.574,11.383],[107.605,11.347],[107.682,11.327],[107.713,11.339],[107.722,11.364],[107.764,11.37],[107.888,11.367],[107.929,11.359],[107.939,11.348],[107.959,11.352],[108.026,11.328],[108.04,11.261],[108.051,11.247],[108.044,11.217],[108.055,11.221],[108.059,11.245],[108.105,11.271],[108.114,11.294],[108.124,11.285],[108.18,11.306],[108.306,11.416],[108.287,11.446],[108.272,11.442],[108.257,11.469],[108.265,11.501],[108.283,11.517],[108.31,11.528],[108.34,11.527],[108.359,11.507],[108.38,11.524],[108.414,11.529],[108.436,11.516],[108.491,11.53],[108.534,11.508],[108.557,11.521],[108.582,11.557],[108.551,11.602],[108.551,11.632],[108.561,11.643],[108.673,11.667],[108.7,11.702],[108.689,11.735],[108.665,11.753],[108.67,11.785],[108.617,11.807],[108.652,11.849],[108.66,11.961],[108.681,11.991],[108.679,12.012],[108.692,12.04],[108.71,12.056],[108.698,12.096],[108.672,12.123],[108.691,12.13],[108.692,12.146],[108.703,12.155],[108.727,12.163],[108.727,12.163],[108.73,12.161],[108.732,12.16],[108.736,12.158],[108.744,12.156],[108.764,12.155],[108.727,12.163],[108.709,12.194],[108.718,12.222],[108.699,12.241],[108.702,12.306],[108.678,12.318],[108.677,12.354],[108.687,12.375],[108.669,12.426],[108.706,12.479],[108.714,12.485],[108.739,12.477],[108.75,12.499],[108.772,12.507],[108.835,12.465],[108.868,12.455],[108.877,12.48],[108.857,12.495],[108.894,12.567],[108.889,12.582],[108.862,12.596],[108.864,12.615],[108.874,12.627],[108.896,12.627],[108.91,12.643],[108.913,12.662],[108.902,12.677],[108.941,12.696],[108.976,12.683],[108.991,12.707],[108.986,12.782],[108.973,12.787],[108.965,12.817],[108.938,12.807],[108.868,12.818],[108.851,12.833],[108.844,12.859],[108.812,12.877],[108.788,12.873],[108.75,12.943],[108.724,12.953],[108.704,12.943],[108.702,12.969],[108.672,12.989],[108.692,13.017],[108.754,13.034],[108.748,13.095],[108.767,13.121],[108.76,13.135],[108.773,13.138],[108.775,13.148],[108.79,13.142],[108.821,13.164],[108.838,13.163],[108.871,13.277],[108.808,13.36],[108.792,13.475],[108.739,13.459],[108.713,13.465],[108.702,13.487],[108.712,13.518],[108.73,13.529],[108.747,13.567],[108.765,13.562],[108.786,13.579],[108.84,13.565],[108.85,13.579],[108.819,13.661],[108.815,13.7],[108.831,13.707],[108.825,13.723],[108.833,13.741],[108.826,13.793],[108.799,13.809],[108.79,13.852],[108.769,13.868],[108.76,13.896],[108.743,13.911],[108.75,13.982],[108.762,13.994],[108.751,14.018],[108.755,14.037],[108.721,14.067],[108.711,14.097],[108.665,14.167],[108.68,14.194],[108.675,14.223],[108.655,14.261],[108.657,14.283],[108.625,14.355],[108.632,14.374],[108.6,14.459],[108.638,14.452],[108.632,14.528],[108.626,14.545],[108.603,14.537],[108.594,14.564],[108.547,14.587],[108.524,14.624],[108.48,14.627],[108.511,14.686],[108.495,14.701],[108.527,14.747],[108.517,14.772],[108.502,14.78],[108.492,14.801],[108.456,14.791],[108.429,14.817],[108.395,14.826],[108.376,14.847],[108.363,14.882],[108.351,14.88],[108.349,14.897],[108.322,14.912],[108.313,14.946],[108.267,14.985],[108.249,15.026],[108.21,15.033],[108.174,15.062],[108.16,15.061],[108.146,15.047],[108.157,14.975],[108.148,14.964],[108.103,14.953],[108.088,14.952],[108.084,14.965],[108.063,14.97],[108.043,14.995],[107.988,15.0],[107.965,15.021],[107.951,15.051],[107.975,15.07],[107.996,15.118],[108.002,15.142],[107.996,15.156],[107.949,15.176],[107.927,15.21],[107.9,15.207],[107.89,15.194],[107.869,15.211],[107.835,15.208],[107.775,15.22],[107.755,15.237],[107.735,15.23],[107.727,15.309],[107.706,15.305],[107.691,15.319],[107.663,15.354],[107.659,15.387],[107.637,15.416],[107.601,15.422],[107.56,15.396],[107.517,15.417],[107.525,15.441],[107.512,15.474],[107.477,15.479],[107.481,15.489],[107.469,15.499],[107.436,15.505],[107.428,15.491],[107.38,15.495],[107.363,15.57],[107.341,15.576],[107.351,15.591],[107.341,15.615],[107.274,15.635],[107.262,15.658],[107.275,15.697],[107.265,15.721],[107.25,15.722],[107.245,15.746],[107.211,15.742],[107.209,15.758],[107.228,15.785],[107.208,15.828],[107.232,15.845],[107.246,15.84],[107.27,15.861],[107.302,15.868],[107.326,15.891],[107.336,15.886],[107.369,15.899],[107.383,15.888],[107.398,15.897],[107.426,15.933],[107.445,15.981],[107.441,15.992],[107.463,16.019],[107.445,16.041],[107.457,16.08],[107.447,16.091],[107.428,16.079],[107.407,16.085],[107.399,16.064],[107.376,16.075],[107.365,16.062],[107.332,16.056],[107.282,16.12],[107.268,16.118],[107.261,16.138],[107.242,16.149],[107.22,16.141],[107.192,16.146],[107.158,16.17],[107.143,16.213],[107.154,16.259],[107.086,16.313],[107.042,16.301],[107.026,16.312],[107.014,16.304],[107.004,16.314],[106.964,16.304],[106.962,16.358],[106.923,16.37],[106.896,16.393],[106.89,16.41],[106.898,16.427],[106.884,16.422],[106.87,16.43],[106.886,16.451],[106.875,16.473],[106.887,16.517],[106.842,16.548],[106.828,16.549],[106.826,16.519],[106.801,16.465],[106.791,16.476],[106.769,16.468],[106.765,16.428],[106.745,16.425],[106.738,16.411],[106.732,16.441],[106.723,16.437],[106.725,16.426],[106.685,16.441],[106.691,16.451],[106.673,16.454],[106.671,16.477],[106.659,16.474],[106.663,16.504],[106.646,16.525],[106.646,16.542],[106.67,16.562],[106.661,16.574],[106.665,16.584],[106.653,16.583],[106.643,16.595],[106.626,16.583],[106.624,16.603],[106.615,16.607],[106.582,16.603],[106.589,16.624],[106.564,16.643],[106.55,16.696],[106.548,16.869],[106.514,16.898],[106.519,16.925],[106.546,16.927],[106.548,17.009],[106.515,16.973],[106.47,16.985],[106.459,17.0],[106.437,16.996],[106.4,17.053],[106.415,17.079],[106.372,17.112],[106.346,17.149],[106.354,17.16],[106.32,17.192],[106.326,17.2],[106.302,17.209],[106.307,17.219],[106.324,17.218],[106.333,17.233],[106.307,17.241],[106.317,17.248],[106.304,17.258],[106.302,17.296],[106.276,17.297],[106.274,17.264],[106.232,17.252],[106.088,17.364],[105.851,17.621],[105.852,17.634],[105.834,17.631],[105.827,17.656],[105.815,17.645],[105.788,17.672],[105.749,17.67],[105.742,17.722],[105.729,17.722],[105.728,17.746],[105.701,17.761],[105.674,17.795],[105.681,17.834],[105.66,17.857],[105.637,17.859],[105.607,17.892],[105.627,17.953],[105.641,17.964],[105.642,17.993],[105.627,17.995],[105.613,18.013],[105.596,18.004],[105.58,18.014],[105.584,18.043],[105.57,18.084],[105.539,18.083],[105.535,18.115],[105.52,18.127],[105.505,18.124],[105.502,18.139],[105.511,18.151],[105.5,18.189],[105.485,18.181],[105.49,18.203],[105.477,18.197],[105.44,18.205],[105.437,18.182],[105.417,18.183],[105.408,18.156],[105.38,18.171],[105.366,18.162],[105.351,18.185],[105.335,18.183],[105.318,18.201],[105.327,18.265],[105.308,18.267],[105.298,18.238],[105.297,18.256],[105.254,18.261],[105.241,18.298],[105.183,18.328],[105.188,18.348],[105.177,18.372],[105.183,18.387],[105.15,18.389],[105.139,18.42],[105.12,18.42],[105.102,18.45],[105.114,18.54],[105.138,18.564],[105.133,18.592],[105.157,18.614],[105.19,18.606],[105.197,18.64],[105.18,18.659],[105.167,18.658],[105.151,18.679],[105.137,18.682],[105.132,18.69],[105.143,18.703],[105.132,18.716],[105.101,18.704],[105.05,18.707],[105.056,18.725],[105.02,18.731],[105.019,18.749],[104.999,18.737],[104.989,18.745],[104.941,18.74],[104.937,18.774],[104.911,18.792],[104.871,18.787],[104.855,18.775],[104.84,18.786],[104.795,18.784],[104.782,18.803],[104.757,18.796],[104.737,18.802],[104.735,18.816],[104.717,18.82],[104.712,18.842],[104.675,18.839],[104.654,18.865],[104.626,18.88],[104.627,18.889],[104.577,18.903],[104.528,18.986],[104.511,18.983],[104.487,19.007],[104.471,18.99],[104.446,18.987],[104.42,19.008],[104.398,19.058],[104.31,19.089],[104.299,19.113],[104.281,19.12],[104.231,19.113],[104.214,19.12],[104.209,19.128],[104.224,19.155],[104.199,19.164],[104.18,19.199],[104.129,19.204],[104.112,19.223],[104.102,19.214],[104.07,19.248],[103.998,19.232],[103.96,19.252],[103.914,19.303],[103.873,19.308],[103.882,19.327],[103.91,19.333],[103.95,19.359],[103.955,19.385],[103.973,19.4],[104.012,19.403],[104.021,19.417],[104.048,19.427],[104.068,19.417],[104.074,19.449],[104.064,19.454],[104.084,19.468],[104.091,19.49],[104.121,19.499],[104.102,19.525],[104.106,19.569],[104.06,19.615],[104.067,19.64],[104.058,19.653],[104.069,19.684],[104.105,19.662],[104.135,19.663],[104.154,19.67],[104.16,19.697],[104.175,19.689],[104.235,19.709],[104.304,19.698],[104.32,19.686],[104.318,19.668],[104.35,19.693],[104.414,19.708],[104.424,19.674],[104.444,19.673],[104.444,19.658],[104.462,19.65],[104.49,19.654],[104.506,19.623],[104.526,19.614],[104.568,19.614],[104.577,19.627],[104.609,19.635],[104.64,19.624],[104.65,19.639],[104.645,19.656],[104.658,19.662],[104.669,19.685],[104.661,19.703],[104.699,19.738],[104.725,19.757],[104.755,19.751],[104.766,19.766],[104.762,19.776],[104.797,19.791],[104.818,19.785],[104.834,19.797],[104.835,19.824],[104.848,19.844],[104.834,19.853],[104.849,19.872],[104.84,19.888],[104.848,19.913],[104.843,19.926],[104.897,19.961],[104.915,19.994],[104.917,20.017],[104.971,20.063],[104.99,20.096],[104.963,20.101],[104.959,20.113],[104.934,20.127],[104.92,20.142],[104.93,20.152],[104.926,20.16],[104.861,20.143],[104.77,20.201],[104.718,20.202],[104.667,20.219],[104.659,20.235],[104.629,20.23],[104.612,20.244],[104.609,20.278],[104.62,20.298],[104.614,20.362],[104.681,20.404],[104.71,20.4],[104.716,20.408],[104.663,20.453],[104.666,20.471],[104.652,20.475],[104.624,20.462],[104.611,20.447],[104.613,20.429],[104.599,20.419],[104.544,20.409],[104.527,20.415],[104.518,20.389],[104.468,20.367],[104.446,20.381],[104.416,20.38],[104.403,20.403],[104.412,20.427],[104.375,20.444],[104.373,20.468],[104.39,20.48],[104.385,20.491],[104.416,20.492],[104.436,20.51],[104.472,20.518],[104.492,20.543],[104.525,20.554],[104.541,20.6],[104.559,20.609],[104.6,20.607],[104.625,20.627],[104.636,20.654],[104.66,20.625],[104.683,20.617],[104.682,20.598],[104.72,20.605],[104.739,20.575],[104.76,20.586],[104.774,20.576],[104.8,20.586],[104.797,20.62],[104.808,20.638],[104.845,20.652],[104.851,20.663],[104.896,20.67],[104.958,20.629],[104.959,20.609],[104.983,20.591],[104.981,20.574],[104.995,20.579],[105.02,20.56],[105.044,20.559],[105.06,20.575],[105.103,20.574],[105.152,20.544],[105.168,20.517],[105.2,20.519],[105.228,20.505],[105.243,20.489],[105.239,20.477],[105.265,20.456],[105.257,20.435],[105.302,20.421],[105.345,20.392],[105.403,20.375],[105.424,20.388],[105.502,20.362],[105.537,20.37],[105.562,20.317],[105.596,20.314],[105.615,20.286],[105.649,20.274],[105.692,20.223],[105.74,20.186],[105.792,20.17],[105.92,20.105],[105.959,20.067],[106.072,20.066],[106.059,20.02],[106.05,20.005],[106.025,19.993],[106.023,19.971],[106.01,19.962],[105.998,19.971],[105.994,19.951],[105.953,19.922],[105.946,19.892],[105.908,19.888],[105.913,19.88],[105.963,19.891],[105.931,19.831],[105.931,19.778],[105.895,19.722],[105.876,19.731],[105.847,19.696],[105.817,19.587],[105.806,19.582],[105.816,19.605],[105.811,19.622],[105.796,19.616],[105.789,19.599],[105.775,19.607],[105.787,19.589],[105.802,19.613],[105.809,19.607],[105.8,19.587],[105.804,19.572],[105.813,19.57],[105.804,19.496],[105.811,19.429],[105.796,19.428],[105.788,19.403],[105.786,19.418],[105.772,19.415],[105.782,19.406],[105.791,19.355],[105.816,19.319],[105.793,19.324],[105.81,19.308],[105.799,19.279],[105.778,19.273],[105.765,19.233],[105.756,19.227],[105.749,19.242],[105.735,19.218],[105.727,19.136],[105.736,19.105],[105.716,19.1],[105.71,19.106],[105.691,19.086],[105.679,19.097],[105.662,19.094],[105.622,19.034],[105.611,18.983],[105.634,18.899],[105.688,18.876],[105.703,18.852],[105.718,18.849],[105.715,18.823],[105.726,18.802],[105.759,18.758],[105.777,18.755],[105.806,18.64],[105.856,18.54],[105.915,18.463],[105.91,18.457],[105.925,18.451],[105.941,18.472],[105.939,18.459],[105.988,18.386],[106.063,18.304],[106.114,18.268],[106.105,18.262],[106.098,18.268],[106.081,18.25],[106.097,18.255],[106.104,18.242],[106.122,18.266],[106.157,18.268],[106.231,18.218],[106.248,18.216],[106.354,18.114],[106.305,18.114],[106.341,18.1],[106.337,18.089],[106.317,18.087],[106.335,18.076],[106.326,18.055],[106.342,18.062],[106.34,18.081],[106.361,18.108],[106.403,18.099],[106.411,18.124],[106.434,18.123],[106.42,18.092],[106.44,18.045],[106.49,17.966],[106.508,17.962],[106.504,17.951],[106.514,17.943],[106.496,17.923],[106.482,17.922],[106.458,17.881],[106.447,17.877],[106.442,17.83],[106.459,17.766],[106.524,17.644],[106.516,17.636],[106.545,17.62],[106.629,17.483],[106.684,17.417],[106.83,17.282],[107.023,17.14],[107.112,17.087],[107.106,17.012],[107.132,16.976],[107.188,16.905],[107.34,16.775],[107.582,16.596],[107.707,16.526],[107.933,16.342],[107.946,16.348],[107.974,16.319],[107.99,16.315],[108.022,16.324],[108.018,16.345],[108.032,16.337],[108.041,16.3],[108.087,16.23],[108.056,16.263],[108.035,16.261],[108.038,16.231],[108.055,16.217],[108.093,16.226],[108.118,16.213],[108.147,16.222],[108.168,16.21],[108.192,16.212],[108.191,16.202],[108.154,16.19],[108.152,16.162],[108.137,16.164],[108.138,16.146],[108.121,16.132],[108.142,16.099],[108.168,16.081],[108.197,16.074],[108.213,16.089],[108.221,16.086],[108.222,16.052],[108.232,16.034],[108.204,16.009],[108.237,16.025],[108.222,16.097],[108.234,16.091],[108.24,16.109],[108.211,16.123],[108.23,16.147],[108.25,16.156],[108.271,16.135],[108.286,16.138],[108.304,16.124],[108.312,16.144],[108.322,16.142],[108.337,16.119],[108.311,16.112],[108.307,16.097],[108.294,16.106],[108.252,16.099],[108.245,16.072],[108.253,16.036],[108.304,15.944],[108.404,15.871],[108.421,15.795],[108.506,15.656],[108.588,15.547],[108.644,15.5],[108.63,15.482],[108.607,15.497],[108.598,15.484],[108.624,15.475],[108.622,15.454],[108.649,15.44],[108.641,15.449],[108.648,15.474],[108.654,15.476],[108.674,15.444],[108.679,15.453],[108.667,15.464],[108.684,15.474],[108.688,15.487],[108.7,15.459],[108.698,15.438],[108.74,15.399],[108.769,15.386],[108.772,15.34],[108.784,15.342],[108.777,15.387],[108.805,15.402],[108.794,15.424],[108.811,15.414],[108.825,15.42],[108.834,15.367],[108.85,15.349],[108.868,15.353],[108.865,15.334],[108.883,15.328],[108.868,15.302],[108.876,15.287],[108.909,15.249],[108.939,15.242],[108.934,15.217],[108.914,15.214],[108.921,15.205],[108.901,15.204],[108.893,15.187],[108.91,15.045],[108.978,14.863],[109.076,14.703],[109.082,14.673],[109.073,14.667],[109.065,14.693],[109.063,14.652],[109.08,14.58],[109.068,14.577],[109.066,14.559],[109.121,14.446],[109.113,14.425],[109.124,14.395],[109.119,14.372],[109.184,14.283],[109.177,14.271],[109.196,14.236],[109.18,14.224],[109.184,14.199],[109.226,14.138],[109.219,14.127],[109.201,14.131],[109.173,14.176],[109.16,14.171],[109.159,14.158],[109.171,14.126],[109.208,14.127],[109.213,14.085],[109.252,14.018],[109.245,14.01],[109.255,13.988],[109.247,13.982],[109.258,13.964],[109.241,13.956],[109.241,13.943],[109.269,13.896],[109.296,13.882],[109.297,13.829],[109.283,13.805],[109.287,13.755],[109.279,13.763],[109.251,13.76],[109.259,13.772],[109.252,13.786],[109.277,13.794],[109.281,13.815],[109.262,13.804],[109.243,13.897],[109.221,13.925],[109.221,13.9],[109.229,13.897],[109.219,13.839],[109.226,13.797],[109.219,13.787],[109.249,13.773],[109.228,13.768],[109.215,13.751],[109.216,13.718],[109.232,13.679],[109.224,13.643],[109.257,13.589],[109.296,13.57],[109.276,13.555],[109.28,13.528],[109.27,13.534],[109.268,13.56],[109.247,13.573],[109.23,13.601],[109.22,13.639],[109.21,13.633],[109.206,13.652],[109.192,13.618],[109.206,13.622],[109.222,13.607],[109.237,13.587],[109.244,13.556],[109.268,13.555],[109.252,13.548],[109.246,13.525],[109.281,13.51],[109.293,13.528],[109.3,13.508],[109.293,13.512],[109.286,13.498],[109.295,13.478],[109.311,13.465],[109.321,13.477],[109.329,13.464],[109.316,13.462],[109.31,13.416],[109.294,13.406],[109.288,13.418],[109.266,13.414],[109.256,13.428],[109.289,13.449],[109.288,13.46],[109.244,13.493],[109.227,13.487],[109.232,13.472],[109.218,13.448],[109.237,13.43],[109.218,13.418],[109.229,13.412],[109.226,13.399],[109.213,13.406],[109.213,13.396],[109.242,13.39],[109.246,13.37],[109.261,13.358],[109.238,13.366],[109.23,13.352],[109.243,13.36],[109.261,13.351],[109.269,13.365],[109.293,13.364],[109.297,13.336],[109.282,13.338],[109.277,13.329],[109.289,13.287],[109.265,13.318],[109.257,13.31],[109.264,13.294],[109.246,13.29],[109.26,13.286],[109.26,13.254],[109.281,13.232],[109.276,13.284],[109.289,13.284],[109.294,13.293],[109.314,13.258],[109.301,13.251],[109.306,13.231],[109.292,13.218],[109.305,13.188],[109.291,13.155],[109.328,13.09],[109.301,13.069],[109.328,13.08],[109.323,13.073],[109.333,13.071],[109.33,13.087],[109.365,13.022],[109.39,12.984],[109.418,12.952],[109.409,12.953],[109.406,12.95],[109.426,12.946],[109.391,12.989],[109.43,12.948],[109.441,12.92],[109.454,12.915],[109.452,12.861],[109.418,12.85],[109.436,12.871],[109.436,12.882],[109.426,12.882],[109.355,12.824],[109.364,12.775],[109.392,12.718],[109.425,12.67],[109.451,12.67],[109.46,12.65],[109.433,12.643],[109.428,12.599],[109.439,12.572],[109.432,12.566],[109.388,12.63],[109.407,12.637],[109.41,12.649],[109.394,12.687],[109.392,12.67],[109.368,12.675],[109.363,12.644],[109.349,12.666],[109.335,12.654],[109.332,12.663],[109.353,12.696],[109.366,12.691],[109.379,12.713],[109.354,12.764],[109.354,12.799],[109.344,12.803],[109.323,12.795],[109.32,12.77],[109.294,12.763],[109.256,12.709],[109.227,12.696],[109.207,12.654],[109.182,12.625],[109.2,12.612],[109.189,12.578],[109.207,12.558],[109.207,12.539],[109.209,12.569],[109.231,12.595],[109.232,12.583],[109.242,12.583],[109.228,12.549],[109.237,12.51],[109.274,12.487],[109.282,12.491],[109.292,12.478],[109.288,12.428],[109.34,12.401],[109.325,12.387],[109.326,12.374],[109.305,12.388],[109.289,12.347],[109.261,12.361],[109.263,12.378],[109.239,12.408],[109.176,12.457],[109.15,12.43],[109.157,12.419],[109.147,12.421],[109.14,12.411],[109.198,12.394],[109.2,12.339],[109.241,12.307],[109.205,12.292],[109.202,12.267],[109.173,12.271],[109.198,12.262],[109.196,12.238],[109.214,12.205],[109.165,12.206],[109.172,12.196],[109.188,12.204],[109.206,12.189],[109.196,12.167],[109.221,12.152],[109.209,12.124],[109.194,12.117],[109.193,12.089],[109.245,11.982],[109.269,11.975],[109.272,11.952],[109.283,11.955],[109.256,11.92],[109.278,11.878],[109.27,11.861],[109.256,11.867],[109.247,11.854],[109.23,11.882],[109.201,11.882],[109.211,11.925],[109.203,11.928],[109.214,11.941],[109.204,11.953],[109.213,11.976],[109.2,12.042],[109.182,12.059],[109.173,12.099],[109.18,12.112],[109.161,12.12],[109.152,12.103],[109.173,12.088],[109.179,12.057],[109.171,12.066],[109.171,12.046],[109.198,12.024],[109.196,11.997],[109.205,11.984],[109.165,11.908],[109.153,11.91],[109.147,11.896],[109.138,11.912],[109.13,11.909],[109.109,11.85],[109.122,11.826],[109.142,11.819],[109.16,11.856],[109.189,11.876],[109.176,11.845],[109.181,11.818],[109.193,11.812],[109.184,11.809],[109.185,11.795],[109.209,11.774],[109.21,11.761],[109.226,11.756],[109.219,11.749],[109.229,11.748],[109.23,11.726],[109.205,11.716],[109.193,11.724],[109.202,11.708],[109.176,11.679],[109.165,11.623],[109.149,11.618],[109.127,11.564],[109.091,11.589],[109.055,11.585],[109.035,11.61],[109.043,11.624],[109.034,11.641],[109.009,11.631],[109.042,11.592],[109.023,11.575],[109.03,11.54],[109.027,11.551],[109.003,11.543],[109.024,11.537],[109.01,11.514],[109.005,11.41],[109.019,11.362],[108.993,11.351],[108.96,11.317],[108.931,11.308],[108.916,11.309],[108.885,11.338]],[[108.787,12.151],[108.787,12.151],[108.786,12.147],[108.785,12.142],[108.785,12.141],[108.787,12.151]],[[108.792,12.102],[108.79,12.111],[108.785,12.12],[108.782,12.125],[108.784,12.139],[108.782,12.125],[108.792,12.102]],[[108.799,12.081],[108.793,12.091],[108.795,12.087],[108.799,12.081]],[[108.8,12.074],[108.8,12.074],[108.802,12.07],[108.8,12.074]],[[108.802,12.069],[108.807,12.061],[108.802,12.069],[108.802,12.069]],[[108.799,12.046],[108.797,12.046],[108.797,12.046],[108.799,12.046]],[[108.8,12.046],[108.812,12.043],[108.809,12.044],[108.804,12.045],[108.8,12.046]],[[108.82,12.032],[108.82,12.032],[108.824,12.029],[108.82,12.032]],[[108.833,12.024],[108.833,12.024],[108.834,12.023],[108.833,12.024]],[[108.834,12.023],[108.845,12.021],[108.853,12.016],[108.845,12.021],[108.834,12.023]],[[108.854,12.013],[108.854,12.013],[108.855,12.011],[108.854,12.013]],[[108.856,12.008],[108.856,12.008],[108.856,12.006],[108.856,12.008]],[[108.856,12.001],[108.856,12.001],[108.855,11.998],[108.856,12.001]],[[108.846,11.97],[108.846,11.978],[108.85,11.965],[108.846,11.97]],[[108.852,11.966],[108.856,11.967],[108.85,11.965],[108.852,11.966]],[[108.859,11.969],[108.859,11.969],[108.861,11.969],[108.859,11.969]],[[108.861,11.969],[108.865,11.967],[108.872,11.962],[108.861,11.969]],[[108.879,11.957],[108.888,11.95],[108.889,11.949],[108.888,11.95],[108.879,11.957]],[[108.9,11.951],[108.91,11.953],[108.893,11.949],[108.9,11.951]],[[108.912,11.953],[108.912,11.953],[108.912,11.953],[108.912,11.953]],[[108.918,11.95],[108.918,11.95],[108.919,11.946],[108.918,11.95]],[[108.92,11.945],[108.919,11.946],[108.919,11.946],[108.92,11.945]],[[108.942,11.939],[108.932,11.938],[108.921,11.943],[108.932,11.938],[108.942,11.939]],[[108.947,11.937],[108.944,11.939],[108.944,11.939],[108.947,11.937]],[[108.952,11.932],[108.952,11.932],[108.954,11.929],[108.952,11.932]],[[108.967,11.92],[108.955,11.928],[108.976,11.918],[108.967,11.92]],[[108.981,11.917],[108.99,11.919],[108.978,11.917],[108.981,11.917]],[[109.023,11.912],[109.029,11.911],[109.023,11.912],[109.003,11.924],[109.002,11.924],[109.023,11.912]],[[109.037,11.909],[109.044,11.901],[109.035,11.909],[109.037,11.909]],[[109.048,11.893],[109.048,11.893],[109.048,11.893],[109.048,11.893]],[[109.07,11.841],[109.056,11.863],[109.052,11.878],[109.05,11.883],[109.05,11.884],[109.07,11.841]],[[109.108,11.808],[109.095,11.813],[109.079,11.831],[109.095,11.813],[109.108,11.808]],[[109.126,11.806],[109.126,11.806],[109.127,11.806],[109.126,11.806]],[[109.137,11.806],[109.146,11.807],[109.157,11.81],[109.146,11.807],[109.137,11.806]],[[109.175,11.813],[109.175,11.813],[109.181,11.814],[109.175,11.813]],[[109.187,11.814],[109.187,11.814],[109.189,11.814],[109.187,11.814]],[[108.767,12.156],[108.769,12.159],[108.764,12.155],[108.767,12.156]],[[108.787,12.159],[108.778,12.168],[108.772,12.165],[108.787,12.159]],[[109.037,12.744],[109.027,12.737],[109.007,12.72],[109.0,12.713],[109.037,12.744]],[[109.05,12.748],[109.051,12.748],[109.051,12.748],[109.05,12.748]],[[109.085,12.746],[109.087,12.748],[109.085,12.746],[109.085,12.746]],[[109.089,12.767],[109.088,12.749],[109.09,12.753],[109.089,12.767]],[[109.089,12.769],[109.1,12.776],[109.102,12.777],[109.1,12.776],[109.089,12.769]],[[109.105,12.781],[109.103,12.778],[109.11,12.791],[109.105,12.781]],[[109.113,12.797],[109.113,12.798],[109.113,12.796],[109.113,12.797]],[[109.114,12.799],[109.117,12.8],[109.115,12.799],[109.114,12.799]],[[109.122,12.798],[109.123,12.797],[109.121,12.799],[109.122,12.798]],[[109.141,12.782],[109.144,12.784],[109.141,12.781],[109.141,12.782]],[[109.152,12.808],[109.148,12.793],[109.154,12.811],[109.152,12.808]],[[109.156,12.815],[109.158,12.819],[109.159,12.822],[109.16,12.823],[109.159,12.822],[109.156,12.815]],[[109.162,12.825],[109.164,12.828],[109.162,12.826],[109.162,12.825]],[[109.196,12.831],[109.191,12.831],[109.192,12.831],[109.196,12.831]],[[109.229,12.817],[109.231,12.819],[109.228,12.815],[109.229,12.817]],[[109.244,12.829],[109.246,12.832],[109.244,12.829],[109.241,12.827],[109.244,12.829]],[[109.253,12.839],[109.253,12.839],[109.252,12.838],[109.253,12.839]],[[109.254,12.839],[109.262,12.838],[109.257,12.839],[109.254,12.839]],[[109.281,12.833],[109.281,12.833],[109.275,12.834],[109.281,12.833]],[[109.288,12.836],[109.294,12.839],[109.291,12.837],[109.288,12.836]],[[109.3,12.842],[109.3,12.842],[109.297,12.841],[109.3,12.842]],[[109.313,12.84],[109.314,12.84],[109.313,12.84],[109.313,12.84]],[[109.317,12.837],[109.318,12.837],[109.318,12.837],[109.317,12.837]],[[109.318,12.837],[109.324,12.841],[109.326,12.846],[109.318,12.837]],[[109.338,12.851],[109.338,12.851],[109.334,12.85],[109.333,12.85],[109.338,12.851]],[[109.352,12.86],[109.359,12.865],[109.346,12.856],[109.352,12.86]],[[109.359,12.865],[109.359,12.865],[109.359,12.865],[109.359,12.865]],[[109.365,12.868],[109.365,12.868],[109.359,12.865],[109.365,12.868]],[[107.835,16.059],[107.829,16.055],[107.817,16.058],[107.829,16.055],[107.835,16.059]],[[107.849,16.062],[107.84,16.061],[107.845,16.061],[107.849,16.062]],[[107.857,16.062],[107.857,16.062],[107.852,16.062],[107.857,16.062]],[[107.872,16.054],[107.888,16.046],[107.891,16.043],[107.894,16.04],[107.898,16.037],[107.9,16.035],[107.905,16.039],[107.9,16.035],[107.898,16.037],[107.894,16.04],[107.888,16.046],[107.884,16.048],[107.872,16.054],[107.868,16.057],[107.864,16.06],[107.862,16.062],[107.859,16.062],[107.872,16.054]],[[107.919,16.048],[107.919,16.048],[107.916,16.047],[107.919,16.048]],[[107.959,16.066],[107.942,16.06],[107.941,16.06],[107.959,16.066]],[[107.957,16.049],[107.96,16.057],[107.961,16.064],[107.961,16.066],[107.96,16.066],[107.957,16.049]],[[107.959,16.035],[107.959,16.035],[107.961,16.033],[107.959,16.035]],[[107.974,16.018],[107.98,16.013],[107.976,16.016],[107.974,16.018],[107.97,16.021],[107.967,16.027],[107.966,16.028],[107.97,16.021],[107.974,16.018]],[[107.982,16.009],[107.982,16.009],[107.981,16.011],[107.982,16.009]],[[107.979,15.991],[107.981,16.001],[107.978,15.988],[107.979,15.991]],[[107.971,15.982],[107.971,15.982],[107.971,15.982],[107.971,15.982]],[[107.953,15.961],[107.948,15.953],[107.949,15.95],[107.948,15.953],[107.953,15.961]],[[107.952,15.946],[107.952,15.946],[107.957,15.94],[107.952,15.946]],[[107.979,15.923],[107.965,15.933],[107.959,15.938],[107.979,15.923]],[[108.005,15.924],[107.995,15.922],[108.002,15.923],[108.005,15.924]],[[108.033,15.934],[108.015,15.929],[108.011,15.927],[108.033,15.934]],[[108.038,15.935],[108.038,15.935],[108.035,15.934],[108.038,15.935]],[[108.061,15.931],[108.058,15.935],[108.06,15.932],[108.061,15.931]],[[108.085,15.929],[108.075,15.927],[108.07,15.927],[108.085,15.929]],[[108.089,15.937],[108.103,15.946],[108.105,15.947],[108.103,15.946],[108.089,15.937]],[[108.109,15.947],[108.109,15.947],[108.112,15.946],[108.109,15.947]],[[108.138,15.932],[108.12,15.941],[108.113,15.945],[108.138,15.932]],[[108.143,15.933],[108.143,15.933],[108.139,15.932],[108.143,15.933]],[[108.148,15.938],[108.148,15.938],[108.148,15.938],[108.148,15.938]],[[108.17,15.941],[108.174,15.94],[108.177,15.941],[108.17,15.941],[108.167,15.942],[108.164,15.948],[108.161,15.951],[108.156,15.953],[108.152,15.955],[108.151,15.954],[108.161,15.951],[108.167,15.942],[108.17,15.941]],[[108.18,15.948],[108.18,15.948],[108.179,15.946],[108.18,15.948]],[[108.182,15.965],[108.182,15.965],[108.181,15.963],[108.182,15.965]],[[108.199,15.965],[108.204,15.959],[108.204,15.961],[108.204,15.963],[108.201,15.965],[108.199,15.965]],[[108.209,15.944],[108.203,15.954],[108.209,15.944],[108.221,15.949],[108.209,15.944]],[[108.221,15.95],[108.221,15.95],[108.221,15.95],[108.221,15.95]],[[108.221,15.955],[108.221,15.955],[108.221,15.955],[108.221,15.955]],[[108.226,15.958],[108.227,15.958],[108.227,15.958],[108.226,15.958]],[[108.228,15.959],[108.229,15.959],[108.229,15.959],[108.228,15.959]],[[108.229,15.959],[108.229,15.959],[108.229,15.959],[108.229,15.959]],[[108.229,15.959],[108.233,15.965],[108.237,15.97],[108.229,15.959]],[[108.249,15.976],[108.25,15.976],[108.25,15.976],[108.249,15.976]],[[108.259,15.968],[108.256,15.973],[108.255,15.975],[108.253,15.976],[108.259,15.968]],[[108.268,15.962],[108.268,15.962],[108.266,15.965],[108.264,15.966],[108.261,15.966],[108.268,15.962]],[[108.285,15.967],[108.278,15.964],[108.282,15.966],[108.285,15.967]]],[[[108.831,11.232],[108.827,11.224],[108.819,11.225],[108.831,11.232]]],[[[109.141,11.583],[109.146,11.583],[109.146,11.58],[109.141,11.583]]],[[[109.174,11.652],[109.177,11.65],[109.173,11.649],[109.174,11.652]]],[[[109.2,14.231],[109.198,14.235],[109.201,14.234],[109.2,14.231]]],[[[109.208,14.25],[109.206,14.254],[109.209,14.253],[109.208,14.25]]],[[[109.14,15.378],[109.096,15.374],[109.091,15.386],[109.141,15.389],[109.14,15.378]]],[[[109.077,15.433],[109.084,15.428],[109.076,15.427],[109.077,15.433]]],[[[108.636,15.481],[108.647,15.482],[108.647,15.481],[108.636,15.481]]],[[[108.616,15.48],[108.615,15.489],[108.624,15.481],[108.616,15.48]]],[[[108.68,15.479],[108.649,15.495],[108.67,15.504],[108.672,15.517],[108.681,15.508],[108.673,15.491],[108.68,15.479]]],[[[108.69,15.819],[108.694,15.812],[108.688,15.813],[108.69,15.819]]],[[[108.538,15.915],[108.54,15.905],[108.53,15.904],[108.53,15.91],[108.538,15.915]]],[[[108.475,15.945],[108.485,15.949],[108.477,15.939],[108.475,15.945]]],[[[108.538,15.929],[108.529,15.924],[108.501,15.959],[108.49,15.957],[108.482,15.968],[108.502,15.98],[108.512,15.965],[108.533,15.96],[108.538,15.929]]],[[[108.448,15.982],[108.451,15.976],[108.444,15.969],[108.44,15.974],[108.448,15.982]]],[[[108.2,16.226],[108.209,16.221],[108.204,16.211],[108.197,16.214],[108.2,16.226]]],[[[107.339,17.168],[107.346,17.16],[107.341,17.15],[107.329,17.161],[107.339,17.168]]],[[[106.464,17.876],[106.473,17.881],[106.468,17.872],[106.464,17.876]]],[[[106.492,17.908],[106.494,17.916],[106.496,17.908],[106.492,17.908]]],[[[106.523,17.939],[106.533,17.938],[106.533,17.933],[106.525,17.932],[106.523,17.939]]],[[[106.52,17.946],[106.521,17.941],[106.516,17.944],[106.52,17.946]]],[[[106.452,18.104],[106.462,18.103],[106.451,18.101],[106.452,18.104]]],[[[105.988,18.798],[105.986,18.797],[105.986,18.799],[105.988,18.798]]],[[[105.771,18.797],[105.776,18.808],[105.78,18.804],[105.771,18.797]]],[[[105.953,18.812],[105.965,18.804],[105.965,18.797],[105.958,18.8],[105.953,18.812]]],[[[105.814,19.331],[105.822,19.343],[105.823,19.307],[105.818,19.31],[105.814,19.331]]],[[[105.9,19.343],[105.898,19.35],[105.904,19.343],[105.9,19.343]]],[[[105.928,19.351],[105.934,19.356],[105.934,19.348],[105.928,19.351]]],[[[105.875,19.354],[105.877,19.353],[105.876,19.351],[105.875,19.354]]],[[[105.87,19.359],[105.872,19.357],[105.869,19.358],[105.87,19.359]]],[[[105.905,19.371],[105.909,19.369],[105.907,19.368],[105.905,19.371]]],[[[105.932,19.368],[105.923,19.361],[105.912,19.383],[105.928,19.385],[105.932,19.368]]],[[[106.003,19.916],[106.01,19.912],[106.003,19.913],[106.003,19.916]]],[[[111.545,7.666],[111.558,7.648],[111.544,7.639],[111.54,7.662],[111.545,7.666]]],[[[110.483,7.845],[110.512,7.847],[110.497,7.821],[110.45,7.803],[110.483,7.845]]],[[[110.605,8.01],[110.588,8.045],[110.595,8.069],[110.613,8.078],[110.635,8.061],[110.638,8.043],[110.624,8.008],[110.605,8.01]],[[110.607,8.02],[110.626,8.022],[110.626,8.038],[110.615,8.054],[110.599,8.058],[110.594,8.041],[110.612,8.034],[110.607,8.02]]],[[[110.502,8.07],[110.492,8.071],[110.504,8.071],[110.502,8.07]]],[[[110.468,8.081],[110.462,8.077],[110.459,8.078],[110.468,8.081]]],[[[110.534,8.107],[110.556,8.122],[110.542,8.108],[110.534,8.107]]],[[[110.442,8.15],[110.454,8.145],[110.438,8.147],[110.442,8.15]]],[[[110.481,8.169],[110.487,8.162],[110.477,8.164],[110.481,8.169]]],[[[109.211,11.788],[109.22,11.785],[109.22,11.773],[109.212,11.778],[109.211,11.788]]],[[[109.237,11.839],[109.248,11.851],[109.249,11.835],[109.233,11.83],[109.222,11.836],[109.22,11.853],[109.237,11.839]]],[[[109.321,12.004],[109.319,12.008],[109.322,12.007],[109.321,12.004]]],[[[109.325,12.035],[109.321,12.043],[109.326,12.047],[109.325,12.035]]],[[[109.298,12.165],[109.302,12.173],[109.316,12.166],[109.312,12.163],[109.298,12.165]]],[[[109.235,12.176],[109.244,12.18],[109.25,12.171],[109.235,12.176]]],[[[109.269,12.176],[109.275,12.182],[109.274,12.175],[109.269,12.176]]],[[[109.217,12.191],[109.23,12.194],[109.223,12.187],[109.217,12.191]]],[[[109.293,12.232],[109.304,12.214],[109.315,12.229],[109.328,12.221],[109.334,12.196],[109.323,12.186],[109.29,12.198],[109.293,12.185],[109.279,12.183],[109.229,12.229],[109.236,12.234],[109.257,12.213],[109.263,12.237],[109.293,12.232]]],[[[109.356,12.27],[109.361,12.273],[109.36,12.268],[109.356,12.27]]],[[[109.366,12.283],[109.368,12.286],[109.368,12.281],[109.366,12.283]]],[[[109.243,12.289],[109.24,12.292],[109.243,12.292],[109.243,12.289]]],[[[109.212,12.359],[109.215,12.363],[109.216,12.361],[109.212,12.359]]],[[[109.373,12.36],[109.37,12.371],[109.379,12.358],[109.373,12.36]]],[[[109.225,12.398],[109.237,12.394],[109.235,12.383],[109.22,12.388],[109.225,12.398]]],[[[109.223,12.399],[109.22,12.403],[109.223,12.403],[109.223,12.399]]],[[[109.218,12.401],[109.215,12.405],[109.219,12.404],[109.218,12.401]]],[[[109.376,12.477],[109.374,12.481],[109.377,12.48],[109.376,12.477]]],[[[109.344,12.487],[109.353,12.488],[109.359,12.481],[109.351,12.479],[109.344,12.487]]],[[[109.29,12.487],[109.307,12.499],[109.313,12.498],[109.29,12.487]]],[[[109.392,12.547],[109.39,12.551],[109.393,12.55],[109.392,12.547]]],[[[109.36,12.633],[109.383,12.625],[109.383,12.607],[109.411,12.559],[109.406,12.552],[109.337,12.591],[109.331,12.609],[109.31,12.611],[109.301,12.621],[109.317,12.638],[109.345,12.628],[109.36,12.633]]],[[[109.448,12.595],[109.446,12.6],[109.449,12.598],[109.448,12.595]]],[[[109.307,12.637],[109.305,12.641],[109.308,12.639],[109.307,12.637]]],[[[109.294,12.637],[109.292,12.642],[109.295,12.64],[109.294,12.637]]],[[[109.218,12.642],[109.216,12.645],[109.219,12.645],[109.218,12.642]]],[[[109.313,12.646],[109.316,12.646],[109.315,12.642],[109.313,12.646]]],[[[109.375,12.645],[109.373,12.649],[109.376,12.648],[109.375,12.645]]],[[[109.343,12.643],[109.339,12.653],[109.348,12.653],[109.343,12.643]]],[[[109.4,12.645],[109.395,12.656],[109.403,12.65],[109.4,12.645]]],[[[109.464,12.655],[109.468,12.656],[109.465,12.652],[109.464,12.655]]],[[[109.263,12.676],[109.261,12.681],[109.264,12.679],[109.263,12.676]]],[[[109.278,12.697],[109.286,12.702],[109.279,12.695],[109.278,12.697]]],[[[109.364,12.706],[109.37,12.706],[109.365,12.704],[109.364,12.706]]],[[[109.294,12.712],[109.303,12.725],[109.311,12.724],[109.294,12.712]]],[[[109.389,12.831],[109.396,12.833],[109.39,12.827],[109.389,12.831]]],[[[109.32,13.166],[109.319,13.17],[109.322,13.169],[109.32,13.166]]],[[[109.308,13.177],[109.312,13.181],[109.311,13.174],[109.308,13.177]]],[[[109.328,13.29],[109.34,13.284],[109.339,13.278],[109.329,13.277],[109.328,13.29]]],[[[109.369,13.592],[109.367,13.596],[109.37,13.595],[109.369,13.592]]],[[[109.341,13.618],[109.34,13.636],[109.362,13.608],[109.353,13.607],[109.341,13.618]]],[[[109.25,13.68],[109.251,13.686],[109.254,13.68],[109.25,13.68]]],[[[109.236,13.683],[109.239,13.687],[109.239,13.683],[109.236,13.683]]],[[[109.297,13.763],[109.298,13.766],[109.299,13.763],[109.297,13.763]]],[[[109.23,13.877],[109.243,13.868],[109.231,13.858],[109.229,13.864],[109.23,13.877]]],[[[109.302,13.879],[109.299,13.883],[109.302,13.882],[109.302,13.879]]],[[[109.346,13.896],[109.344,13.9],[109.347,13.899],[109.346,13.896]]],[[[109.351,13.898],[109.349,13.902],[109.352,13.901],[109.351,13.898]]],[[[109.317,13.9],[109.315,13.904],[109.318,13.903],[109.317,13.9]]],[[[109.296,14.145],[109.299,14.142],[109.295,14.142],[109.296,14.145]]],[[[109.209,14.245],[109.206,14.249],[109.21,14.248],[109.209,14.245]]],[[[111.212,15.798],[111.225,15.796],[111.227,15.782],[111.204,15.771],[111.194,15.781],[111.212,15.798]]],[[[111.517,16.448],[111.549,16.464],[111.556,16.454],[111.526,16.439],[111.517,16.448]]],[[[111.361,16.72],[111.373,16.745],[111.396,16.745],[111.403,16.719],[111.394,16.71],[111.37,16.71],[111.361,16.72]]],[[[111.465,17.066],[111.444,17.078],[111.461,17.099],[111.528,17.115],[111.558,17.105],[111.556,17.092],[111.522,17.076],[111.465,17.066]],[[111.501,17.099],[111.48,17.095],[111.466,17.086],[111.498,17.083],[111.509,17.092],[111.501,17.099]]],[[[113.591,6.955],[113.579,6.957],[113.581,6.968],[113.592,6.965],[113.591,6.955]]],[[[113.803,7.4],[113.845,7.414],[113.867,7.409],[113.845,7.393],[113.803,7.4]]],[[[111.54,7.565],[111.559,7.576],[111.572,7.564],[111.537,7.511],[111.529,7.521],[111.54,7.565]]],[[[111.596,7.572],[111.623,7.589],[111.625,7.588],[111.608,7.566],[111.596,7.572]]],[[[114.044,7.608],[114.045,7.602],[114.038,7.605],[114.044,7.608]]],[[[114.059,7.604],[114.101,7.62],[114.095,7.612],[114.059,7.604]]],[[[114.023,7.614],[114.02,7.616],[114.027,7.616],[114.023,7.614]]],[[[114.115,7.614],[114.116,7.619],[114.119,7.617],[114.115,7.614]]],[[[114.13,7.617],[114.125,7.615],[114.127,7.621],[114.13,7.617]]],[[[114.009,7.626],[114.007,7.621],[114.007,7.627],[114.009,7.626]]],[[[111.653,7.616],[111.646,7.625],[111.66,7.641],[111.703,7.652],[111.653,7.616]]],[[[113.78,7.63],[113.776,7.641],[113.848,7.657],[113.839,7.643],[113.823,7.638],[113.78,7.63]],[[113.782,7.633],[113.84,7.65],[113.797,7.645],[113.782,7.633]]],[[[111.723,7.668],[111.723,7.661],[111.719,7.668],[111.723,7.668]]],[[[111.699,7.68],[111.712,7.672],[111.71,7.667],[111.699,7.68]]],[[[111.75,7.702],[111.753,7.688],[111.739,7.675],[111.743,7.695],[111.75,7.702]]],[[[114.155,7.754],[114.181,7.719],[114.171,7.72],[114.158,7.726],[114.153,7.747],[114.135,7.746],[114.118,7.725],[114.079,7.715],[114.014,7.649],[113.942,7.63],[113.938,7.657],[113.996,7.646],[114.006,7.668],[114.03,7.671],[114.076,7.719],[114.131,7.757],[114.155,7.754]]],[[[111.745,7.734],[111.754,7.74],[111.753,7.731],[111.745,7.734]]],[[[111.732,7.78],[111.742,7.793],[111.746,7.759],[111.735,7.764],[111.732,7.78]]],[[[111.691,7.836],[111.685,7.83],[111.689,7.837],[111.691,7.836]]],[[[111.725,7.854],[111.732,7.873],[111.737,7.876],[111.742,7.84],[111.725,7.854]]],[[[112.915,7.895],[112.919,7.901],[112.921,7.902],[112.923,7.9],[112.924,7.899],[112.915,7.895]]],[[[111.701,7.947],[111.729,7.943],[111.733,7.927],[111.703,7.928],[111.701,7.947]]],[[[113.964,7.959],[113.944,7.951],[113.938,7.974],[113.895,8.005],[113.896,8.016],[113.908,8.022],[113.932,8.014],[113.936,7.989],[113.964,7.959]],[[113.905,8.017],[113.9,8.009],[113.908,8.0],[113.933,7.988],[113.924,8.012],[113.905,8.017]]],[[[114.148,8.097],[114.138,8.08],[114.126,8.084],[114.132,8.098],[114.148,8.097]]],[[[113.322,8.17],[113.225,8.082],[113.27,8.134],[113.299,8.194],[113.341,8.229],[113.351,8.277],[113.364,8.294],[113.359,8.245],[113.343,8.203],[113.322,8.17]],[[113.344,8.216],[113.3,8.184],[113.278,8.132],[113.326,8.181],[113.344,8.216]]],[[[111.917,8.648],[111.916,8.64],[111.914,8.641],[111.917,8.648]]],[[[111.644,8.67],[111.644,8.679],[111.686,8.694],[111.694,8.689],[111.681,8.672],[111.644,8.67]]],[[[113.916,8.843],[114.034,8.822],[114.04,8.802],[114.057,8.793],[114.062,8.765],[114.003,8.771],[113.898,8.826],[113.916,8.843]],[[114.054,8.772],[114.002,8.822],[113.921,8.826],[113.935,8.809],[114.007,8.777],[114.054,8.772]]],[[[112.609,8.842],[112.672,8.822],[112.564,8.807],[112.546,8.843],[112.609,8.842]]],[[[112.219,8.834],[112.22,8.828],[112.211,8.829],[112.219,8.834]]],[[[112.857,8.86],[112.86,8.86],[112.856,8.859],[112.857,8.86]]],[[[112.182,8.861],[112.19,8.837],[112.172,8.842],[112.174,8.856],[112.197,8.878],[112.232,8.884],[112.227,8.872],[112.21,8.877],[112.182,8.861]]],[[[112.811,8.876],[112.856,8.868],[112.859,8.862],[112.824,8.862],[112.811,8.876]]],[[[112.261,8.883],[112.249,8.859],[112.259,8.881],[112.238,8.887],[112.261,8.883]]],[[[112.344,8.932],[112.353,8.932],[112.346,8.929],[112.344,8.932]]],[[[113.687,8.951],[113.638,8.94],[113.637,8.947],[113.656,8.964],[113.72,8.98],[113.687,8.951]]],[[[113.662,9.211],[113.67,9.211],[113.666,9.204],[113.662,9.211]]],[[[114.022,9.535],[114.015,9.539],[114.023,9.539],[114.022,9.535]]],[[[112.988,9.628],[112.879,9.575],[112.948,9.673],[112.974,9.693],[112.978,9.684],[112.922,9.617],[112.929,9.608],[112.963,9.621],[113.028,9.671],[113.027,9.689],[113.036,9.682],[113.049,9.691],[113.052,9.717],[113.067,9.725],[113.066,9.701],[113.053,9.679],[112.988,9.628]]],[[[113.863,10.126],[113.853,10.01],[113.84,10.006],[113.849,10.036],[113.843,10.134],[113.863,10.126]]],[[[113.614,10.248],[113.603,10.251],[113.606,10.266],[113.621,10.268],[113.614,10.248]]],[[[114.095,10.914],[114.094,10.913],[114.093,10.912],[114.095,10.914]]],[[[114.095,10.915],[114.095,10.914],[114.096,10.915],[114.095,10.915]]],[[[114.096,10.915],[114.096,10.915],[114.096,10.915],[114.096,10.915]]],[[[114.096,10.915],[114.082,10.934],[114.062,10.912],[114.074,10.903],[114.093,10.912],[114.08,10.903],[114.067,10.902],[114.054,10.905],[114.076,10.934],[114.092,10.935],[114.098,10.925],[114.098,10.919],[114.096,10.915]]],[[[112.533,16.025],[112.465,16.01],[112.447,16.014],[112.441,16.029],[112.448,16.043],[112.476,16.054],[112.576,16.079],[112.596,16.076],[112.533,16.025]],[[112.449,16.032],[112.454,16.017],[112.498,16.018],[112.531,16.028],[112.557,16.051],[112.475,16.046],[112.449,16.032]]],[[[111.773,16.078],[111.808,16.08],[111.822,16.063],[111.793,16.041],[111.76,16.039],[111.748,16.058],[111.773,16.078]]],[[[111.694,16.247],[111.709,16.243],[111.704,16.229],[111.686,16.233],[111.694,16.247]]],[[[111.752,16.214],[111.724,16.22],[111.721,16.23],[111.76,16.235],[111.776,16.253],[111.767,16.269],[111.667,16.276],[111.582,16.205],[111.605,16.204],[111.648,16.232],[111.668,16.235],[111.668,16.222],[111.589,16.182],[111.566,16.187],[111.559,16.2],[111.564,16.218],[111.648,16.287],[111.776,16.298],[111.802,16.274],[111.806,16.25],[111.791,16.232],[111.752,16.214]]],[[[112.061,16.332],[112.019,16.341],[111.961,16.32],[111.944,16.331],[111.971,16.356],[112.027,16.366],[112.074,16.35],[112.077,16.337],[112.061,16.332]]],[[[111.706,16.462],[111.718,16.459],[111.716,16.447],[111.7,16.451],[111.706,16.462]]],[[[111.581,16.479],[111.589,16.489],[111.598,16.486],[111.618,16.456],[111.614,16.44],[111.593,16.444],[111.581,16.479]]],[[[111.738,16.463],[111.756,16.5],[111.745,16.528],[111.757,16.533],[111.778,16.504],[111.741,16.443],[111.738,16.463]]],[[[111.59,16.517],[111.599,16.507],[111.584,16.507],[111.59,16.517]]],[[[111.603,16.535],[111.636,16.546],[111.636,16.529],[111.608,16.522],[111.603,16.535]]],[[[111.694,16.565],[111.701,16.555],[111.701,16.545],[111.692,16.549],[111.694,16.565]]],[[[111.645,16.564],[111.673,16.57],[111.681,16.556],[111.659,16.545],[111.645,16.554],[111.645,16.564]]],[[[111.713,16.546],[111.707,16.585],[111.723,16.582],[111.738,16.539],[111.713,16.546]]],[[[112.632,16.569],[112.64,16.575],[112.641,16.571],[112.632,16.569]]],[[[112.721,16.67],[112.727,16.677],[112.742,16.661],[112.735,16.658],[112.721,16.67]]],[[[112.333,16.828],[112.32,16.839],[112.324,16.847],[112.349,16.846],[112.333,16.828]]],[[[112.345,16.929],[112.338,16.923],[112.322,16.956],[112.296,16.972],[112.335,16.95],[112.345,16.929]]],[[[112.286,16.982],[112.21,16.967],[112.191,16.978],[112.203,16.992],[112.238,17.004],[112.286,16.982]]],[[[114.135,7.602],[114.166,7.623],[114.149,7.601],[114.135,7.602]]],[[[114.185,7.638],[114.185,7.629],[114.175,7.628],[114.174,7.634],[114.185,7.638]]],[[[114.197,7.646],[114.192,7.646],[114.193,7.648],[114.197,7.646]]],[[[114.202,7.663],[114.201,7.654],[114.198,7.661],[114.202,7.663]]],[[[114.206,7.679],[114.205,7.672],[114.202,7.677],[114.206,7.679]]],[[[114.215,7.686],[114.225,7.686],[114.218,7.683],[114.215,7.686]]],[[[114.237,7.697],[114.243,7.69],[114.236,7.69],[114.237,7.697]]],[[[114.28,7.707],[114.273,7.69],[114.264,7.687],[114.263,7.696],[114.28,7.707]]],[[[114.362,7.69],[114.336,7.721],[114.346,7.721],[114.354,7.705],[114.373,7.743],[114.377,7.719],[114.362,7.69]]],[[[114.313,7.712],[114.288,7.717],[114.315,7.719],[114.313,7.712]]],[[[114.183,7.749],[114.2,7.759],[114.206,7.751],[114.191,7.74],[114.183,7.749]]],[[[114.363,7.781],[114.37,7.762],[114.367,7.759],[114.362,7.762],[114.363,7.781]]],[[[114.215,7.78],[114.216,7.768],[114.204,7.773],[114.206,7.779],[114.215,7.78]]],[[[114.367,7.8],[114.367,7.789],[114.364,7.799],[114.367,7.8]]],[[[114.377,7.811],[114.392,7.814],[114.397,7.811],[114.384,7.804],[114.377,7.811]]],[[[114.261,7.808],[114.228,7.809],[114.23,7.779],[114.223,7.809],[114.246,7.824],[114.27,7.877],[114.271,7.849],[114.252,7.83],[114.261,7.808]]],[[[114.472,7.936],[114.465,7.96],[114.441,7.962],[114.429,7.951],[114.427,7.928],[114.378,7.924],[114.332,7.935],[114.302,7.89],[114.278,7.882],[114.332,7.944],[114.354,7.948],[114.377,7.933],[114.398,7.939],[114.409,7.946],[114.414,7.968],[114.437,7.979],[114.464,7.971],[114.479,7.951],[114.472,7.936]]],[[[114.196,8.701],[114.207,8.685],[114.176,8.668],[114.171,8.713],[114.157,8.74],[114.162,8.748],[114.194,8.736],[114.196,8.701]],[[114.182,8.737],[114.172,8.728],[114.182,8.674],[114.199,8.689],[114.191,8.712],[114.194,8.725],[114.182,8.737]]],[[[114.28,9.7],[114.27,9.704],[114.28,9.738],[114.283,9.72],[114.292,9.722],[114.28,9.7]]],[[[114.313,9.746],[114.317,9.739],[114.309,9.734],[114.313,9.746]]],[[[114.325,9.759],[114.33,9.753],[114.326,9.75],[114.325,9.759]]],[[[114.335,9.766],[114.337,9.759],[114.334,9.766],[114.335,9.766]]],[[[114.346,9.772],[114.345,9.764],[114.343,9.771],[114.346,9.772]]],[[[114.252,9.778],[114.262,9.765],[114.258,9.76],[114.248,9.769],[114.252,9.778]]],[[[114.36,9.776],[114.366,9.785],[114.385,9.784],[114.374,9.776],[114.36,9.776]]],[[[114.39,9.801],[114.406,9.797],[114.394,9.789],[114.39,9.801]]],[[[114.286,9.865],[114.283,9.859],[114.277,9.844],[114.277,9.863],[114.286,9.865]]],[[[114.325,9.861],[114.3,9.883],[114.33,9.876],[114.337,9.865],[114.325,9.861]]],[[[114.322,9.884],[114.329,9.889],[114.335,9.882],[114.329,9.879],[114.322,9.884]]],[[[114.395,9.899],[114.396,9.878],[114.382,9.895],[114.356,9.9],[114.395,9.899]]],[[[114.346,9.902],[114.349,9.893],[114.345,9.889],[114.339,9.894],[114.346,9.902]]],[[[114.307,10.167],[114.31,10.172],[114.308,10.166],[114.307,10.167]]],[[[114.259,10.165],[114.256,10.174],[114.268,10.168],[114.259,10.165]]],[[[114.322,10.178],[114.323,10.172],[114.319,10.173],[114.322,10.178]]],[[[114.367,10.175],[114.344,10.179],[114.341,10.182],[114.366,10.184],[114.367,10.175]]],[[[114.247,10.184],[114.253,10.181],[114.255,10.178],[114.251,10.176],[114.247,10.184]]],[[[114.374,10.195],[114.381,10.194],[114.377,10.189],[114.374,10.195]]],[[[114.387,10.203],[114.392,10.2],[114.387,10.2],[114.387,10.203]]],[[[114.226,10.218],[114.228,10.207],[114.225,10.202],[114.219,10.211],[114.226,10.218]]],[[[114.264,10.268],[114.263,10.26],[114.254,10.258],[114.264,10.268]]],[[[114.297,10.292],[114.293,10.28],[114.28,10.273],[114.28,10.277],[114.297,10.292]]],[[[114.342,10.318],[114.349,10.318],[114.351,10.314],[114.342,10.318]]],[[[114.36,10.334],[114.359,10.329],[114.358,10.334],[114.36,10.334]]],[[[114.349,10.368],[114.352,10.359],[114.348,10.368],[114.349,10.368]]],[[[114.353,10.375],[114.37,10.385],[114.373,10.383],[114.362,10.373],[114.353,10.375]]],[[[114.385,10.678],[114.388,10.669],[114.383,10.672],[114.385,10.678]]],[[[114.335,10.699],[114.316,10.695],[114.331,10.713],[114.335,10.699]]],[[[114.363,10.702],[114.365,10.707],[114.368,10.703],[114.363,10.702]]],[[[114.349,10.709],[114.35,10.703],[114.345,10.704],[114.349,10.709]]],[[[114.347,10.728],[114.356,10.723],[114.34,10.719],[114.347,10.728]]],[[[114.182,11.025],[114.168,11.033],[114.175,11.039],[114.188,11.038],[114.182,11.025]]],[[[114.281,11.058],[114.289,11.058],[114.292,11.048],[114.277,11.046],[114.281,11.058]]],[[[114.34,11.051],[114.344,11.053],[114.343,11.05],[114.34,11.051]]],[[[114.213,11.058],[114.207,11.051],[114.194,11.047],[114.209,11.061],[114.223,11.06],[114.217,11.05],[114.213,11.058]]],[[[114.313,11.054],[114.325,11.058],[114.337,11.057],[114.336,11.055],[114.313,11.054]]],[[[114.223,11.06],[114.234,11.061],[114.231,11.054],[114.223,11.06]]],[[[114.323,11.065],[114.316,11.059],[114.314,11.059],[114.323,11.065]]],[[[114.254,11.077],[114.26,11.072],[114.255,11.069],[114.254,11.077]]],[[[114.373,11.078],[114.368,11.094],[114.383,11.093],[114.373,11.078]]],[[[114.305,11.38],[114.298,11.391],[114.303,11.394],[114.305,11.38]]],[[[114.33,11.427],[114.33,11.434],[114.333,11.435],[114.33,11.427]]],[[[114.361,11.457],[114.353,11.451],[114.348,11.451],[114.354,11.458],[114.361,11.457]]],[[[114.397,11.467],[114.398,11.455],[114.383,11.464],[114.387,11.468],[114.397,11.467]]],[[[114.415,7.844],[114.449,7.871],[114.405,7.82],[114.415,7.844]]],[[[114.46,7.884],[114.484,7.919],[114.483,7.932],[114.503,7.924],[114.502,7.915],[114.46,7.884]]],[[[114.809,8.122],[114.8,8.101],[114.764,8.132],[114.724,8.137],[114.646,8.133],[114.626,8.119],[114.626,8.107],[114.659,8.075],[114.712,8.082],[114.731,8.075],[114.779,8.1],[114.787,8.097],[114.736,8.07],[114.649,8.071],[114.621,8.106],[114.509,8.097],[114.532,8.121],[114.617,8.138],[114.709,8.174],[114.741,8.163],[114.768,8.167],[114.776,8.148],[114.803,8.135],[114.809,8.122]]],[[[114.582,8.473],[114.575,8.487],[114.589,8.497],[114.593,8.484],[114.582,8.473]]],[[[114.646,8.855],[114.641,8.835],[114.659,8.843],[114.634,8.828],[114.64,8.862],[114.686,8.872],[114.681,8.863],[114.671,8.852],[114.662,8.848],[114.674,8.856],[114.671,8.862],[114.646,8.855]]],[[[114.432,9.817],[114.43,9.81],[114.429,9.811],[114.432,9.817]]],[[[114.458,9.843],[114.462,9.834],[114.451,9.829],[114.447,9.839],[114.458,9.843]]],[[[114.482,9.852],[114.491,9.848],[114.49,9.845],[114.482,9.852]]],[[[114.504,9.87],[114.513,9.867],[114.507,9.862],[114.504,9.87]]],[[[114.524,9.894],[114.531,9.894],[114.531,9.882],[114.528,9.883],[114.524,9.894]]],[[[114.415,9.89],[114.439,9.902],[114.443,9.896],[114.426,9.878],[114.415,9.89]]],[[[114.56,9.905],[114.565,9.897],[114.563,9.896],[114.56,9.905]]],[[[114.454,9.908],[114.474,9.902],[114.459,9.892],[114.454,9.908]]],[[[114.586,9.909],[114.601,9.91],[114.591,9.897],[114.586,9.909]]],[[[114.493,9.922],[114.502,9.919],[114.495,9.903],[114.484,9.911],[114.493,9.922]]],[[[114.509,9.908],[114.51,9.923],[114.523,9.913],[114.509,9.908]]],[[[114.608,9.92],[114.606,9.915],[114.604,9.92],[114.608,9.92]]],[[[114.622,9.934],[114.628,9.931],[114.615,9.925],[114.622,9.934]]],[[[114.517,9.941],[114.53,9.937],[114.528,9.923],[114.516,9.932],[114.517,9.941]]],[[[114.546,9.942],[114.546,9.937],[114.543,9.943],[114.546,9.942]]],[[[114.533,9.953],[114.529,9.948],[114.528,9.948],[114.533,9.953]]],[[[114.549,9.952],[114.543,9.95],[114.542,9.953],[114.549,9.952]]],[[[114.571,9.957],[114.546,9.962],[114.575,9.967],[114.571,9.957]]],[[[114.669,10.004],[114.654,9.95],[114.639,9.929],[114.652,9.956],[114.64,9.977],[114.645,9.987],[114.607,9.998],[114.669,10.004]]],[[[114.582,9.978],[114.601,9.988],[114.587,9.97],[114.582,9.978]]],[[[114.402,10.201],[114.406,10.207],[114.411,10.205],[114.402,10.201]]],[[[114.412,10.219],[114.419,10.215],[114.415,10.213],[114.412,10.219]]],[[[114.426,10.227],[114.431,10.224],[114.427,10.222],[114.426,10.227]]],[[[114.439,10.23],[114.455,10.235],[114.437,10.223],[114.439,10.23]]],[[[114.529,10.239],[114.532,10.236],[114.529,10.237],[114.529,10.239]]],[[[114.519,10.237],[114.503,10.233],[114.464,10.241],[114.489,10.245],[114.519,10.237]]],[[[114.545,10.243],[114.564,10.267],[114.571,10.264],[114.545,10.243]]],[[[114.61,10.27],[114.606,10.267],[114.607,10.27],[114.61,10.27]]],[[[114.582,10.264],[114.593,10.274],[114.598,10.264],[114.582,10.264]]],[[[114.624,10.271],[114.621,10.278],[114.633,10.288],[114.647,10.29],[114.624,10.271]]],[[[114.593,10.322],[114.604,10.326],[114.619,10.316],[114.593,10.322]]],[[[114.562,10.322],[114.568,10.33],[114.584,10.315],[114.581,10.314],[114.562,10.322]]],[[[114.52,10.34],[114.497,10.362],[114.504,10.368],[114.531,10.343],[114.52,10.34]]],[[[114.545,10.348],[114.566,10.407],[114.591,10.415],[114.55,10.322],[114.545,10.348]]],[[[114.47,10.388],[114.483,10.379],[114.481,10.369],[114.427,10.391],[114.47,10.388]]],[[[114.402,10.385],[114.411,10.389],[114.422,10.385],[114.41,10.375],[114.402,10.385]]],[[[114.417,10.668],[114.427,10.67],[114.423,10.663],[114.417,10.668]]],[[[114.456,10.679],[114.464,10.675],[114.464,10.674],[114.456,10.679]]],[[[114.484,10.688],[114.499,10.694],[114.503,10.692],[114.484,10.688]]],[[[114.512,10.695],[114.524,10.718],[114.543,10.727],[114.53,10.704],[114.512,10.695]]],[[[114.393,10.741],[114.404,10.739],[114.393,10.734],[114.393,10.741]]],[[[114.413,10.751],[114.421,10.751],[114.414,10.746],[114.413,10.751]]],[[[114.563,10.739],[114.576,10.774],[114.568,10.79],[114.576,10.795],[114.589,10.766],[114.577,10.739],[114.563,10.739]]],[[[114.459,10.797],[114.458,10.783],[114.456,10.783],[114.459,10.797]]],[[[114.575,10.815],[114.58,10.815],[114.575,10.801],[114.575,10.815]]],[[[114.484,10.815],[114.495,10.816],[114.485,10.81],[114.484,10.815]]],[[[114.51,10.837],[114.503,10.834],[114.507,10.841],[114.51,10.837]]],[[[114.522,10.837],[114.514,10.836],[114.511,10.839],[114.515,10.841],[114.522,10.837]]],[[[114.512,10.849],[114.527,10.856],[114.526,10.843],[114.512,10.849]]],[[[114.53,10.866],[114.551,10.867],[114.535,10.857],[114.53,10.866]]],[[[114.602,10.907],[114.586,10.825],[114.588,10.889],[114.577,10.895],[114.569,10.884],[114.564,10.888],[114.594,10.912],[114.602,10.907]]],[[[114.557,10.884],[114.566,10.873],[114.568,10.87],[114.558,10.869],[114.557,10.884]]],[[[114.617,10.936],[114.622,10.927],[114.602,10.919],[114.608,10.931],[114.617,10.936]]],[[[114.668,10.962],[114.642,10.951],[114.664,10.986],[114.662,10.965],[114.668,10.962]]],[[[114.61,11.368],[114.567,11.348],[114.571,11.337],[114.592,11.331],[114.61,11.346],[114.61,11.334],[114.595,11.321],[114.562,11.326],[114.561,11.364],[114.587,11.375],[114.61,11.368]]],[[[114.613,11.383],[114.622,11.379],[114.615,11.374],[114.613,11.383]]],[[[114.634,11.397],[114.652,11.408],[114.632,11.387],[114.634,11.397]]],[[[114.637,11.486],[114.637,11.46],[114.62,11.395],[114.615,11.415],[114.625,11.489],[114.645,11.504],[114.664,11.5],[114.666,11.488],[114.637,11.486]]],[[[115.217,8.366],[115.263,8.366],[115.281,8.357],[115.267,8.342],[115.246,8.35],[115.198,8.349],[115.17,8.379],[115.196,8.386],[115.217,8.366]],[[115.199,8.375],[115.184,8.375],[115.197,8.356],[115.22,8.354],[115.199,8.375]]],[[[114.662,8.848],[114.66,8.846],[114.66,8.847],[114.662,8.848]]],[[[116.265,8.871],[116.276,8.909],[116.311,8.911],[116.29,8.873],[116.265,8.871]],[[116.301,8.902],[116.278,8.901],[116.276,8.875],[116.301,8.902]]],[[[116.482,9.181],[116.497,9.176],[116.481,9.175],[116.482,9.181]]],[[[115.926,9.325],[115.963,9.317],[115.955,9.312],[115.9,9.313],[115.926,9.325]]],[[[115.46,9.359],[115.446,9.348],[115.432,9.35],[115.421,9.374],[115.442,9.418],[115.46,9.359]],[[115.455,9.36],[115.441,9.407],[115.425,9.379],[115.438,9.353],[115.455,9.36]]],[[[116.172,9.611],[116.171,9.597],[116.161,9.595],[116.162,9.605],[116.172,9.611]]],[[[116.578,9.744],[116.611,9.711],[116.57,9.714],[116.545,9.729],[116.518,9.732],[116.494,9.702],[116.468,9.721],[116.446,9.751],[116.489,9.708],[116.515,9.732],[116.515,9.758],[116.539,9.742],[116.578,9.744]]],[[[115.893,9.794],[115.877,9.735],[115.846,9.668],[115.855,9.732],[115.846,9.773],[115.871,9.807],[115.893,9.794]],[[115.856,9.702],[115.886,9.784],[115.871,9.796],[115.852,9.77],[115.86,9.728],[115.856,9.702]]],[[[116.433,9.766],[116.447,9.756],[116.441,9.749],[116.43,9.759],[116.433,9.766]]],[[[116.496,9.771],[116.51,9.756],[116.494,9.771],[116.496,9.771]]],[[[116.49,9.774],[116.483,9.779],[116.483,9.781],[116.487,9.782],[116.49,9.774]]],[[[116.424,9.778],[116.427,9.766],[116.416,9.795],[116.439,9.798],[116.424,9.778]]],[[[116.443,9.795],[116.463,9.809],[116.481,9.79],[116.479,9.786],[116.443,9.795]]],[[[115.58,9.904],[115.548,9.875],[115.505,9.884],[115.497,9.913],[115.51,9.93],[115.555,9.931],[115.577,9.921],[115.58,9.904]],[[115.573,9.902],[115.563,9.921],[115.52,9.929],[115.502,9.907],[115.513,9.885],[115.549,9.879],[115.573,9.902]]],[[[116.164,10.113],[116.145,10.116],[116.14,10.124],[116.16,10.121],[116.164,10.113]]],[[[115.331,10.205],[115.29,10.172],[115.283,10.211],[115.312,10.198],[115.331,10.205]]],[[[115.368,10.245],[115.367,10.258],[115.38,10.258],[115.378,10.253],[115.368,10.245]]],[[[116.468,10.309],[116.495,10.343],[116.523,10.303],[116.488,10.286],[116.468,10.309]]],[[[116.553,10.318],[116.556,10.313],[116.55,10.312],[116.553,10.318]]],[[[114.705,10.323],[114.656,10.288],[114.67,10.305],[114.657,10.328],[114.614,10.332],[114.674,10.333],[114.718,10.377],[114.7,10.348],[114.705,10.323]]],[[[116.495,10.351],[116.509,10.392],[116.537,10.428],[116.533,10.405],[116.519,10.396],[116.523,10.376],[116.507,10.366],[116.507,10.353],[116.495,10.351]]],[[[116.543,10.438],[116.539,10.441],[116.542,10.444],[116.543,10.438]]],[[[116.544,10.456],[116.554,10.449],[116.543,10.452],[116.544,10.456]]],[[[115.728,10.463],[115.733,10.461],[115.733,10.46],[115.728,10.463]]],[[[116.556,10.462],[116.549,10.462],[116.551,10.465],[116.556,10.462]]],[[[115.771,10.457],[115.782,10.459],[115.791,10.471],[115.788,10.458],[115.771,10.457]]],[[[115.706,10.484],[115.714,10.509],[115.719,10.513],[115.706,10.484]]],[[[115.801,10.538],[115.791,10.479],[115.773,10.461],[115.733,10.471],[115.719,10.485],[115.731,10.511],[115.743,10.51],[115.735,10.522],[115.75,10.535],[115.801,10.538]]],[[[115.726,10.526],[115.737,10.538],[115.747,10.536],[115.726,10.526]]],[[[115.876,10.661],[115.87,10.649],[115.859,10.647],[115.863,10.652],[115.876,10.661]]],[[[116.159,10.608],[116.161,10.716],[116.173,10.73],[116.176,10.687],[116.206,10.639],[116.185,10.611],[116.166,10.604],[116.159,10.608]]],[[[115.87,10.789],[115.899,10.699],[115.879,10.664],[115.884,10.677],[115.873,10.689],[115.883,10.714],[115.858,10.742],[115.87,10.767],[115.851,10.766],[115.846,10.775],[115.857,10.775],[115.845,10.787],[115.816,10.784],[115.828,10.761],[115.812,10.727],[115.83,10.72],[115.837,10.647],[115.847,10.635],[115.857,10.643],[115.825,10.595],[115.822,10.655],[115.804,10.737],[115.806,10.785],[115.831,10.83],[115.87,10.789]]],[[[116.177,10.736],[116.189,10.785],[116.208,10.815],[116.183,10.731],[116.177,10.736]]],[[[116.262,10.813],[116.271,10.81],[116.274,10.795],[116.254,10.802],[116.262,10.813]]],[[[116.089,10.813],[116.094,10.809],[116.093,10.798],[116.088,10.805],[116.089,10.813]]],[[[116.331,10.817],[116.286,10.806],[116.28,10.822],[116.293,10.835],[116.337,10.829],[116.331,10.817]]],[[[116.224,10.84],[116.229,10.833],[116.22,10.817],[116.215,10.823],[116.224,10.84]]],[[[116.234,10.862],[116.243,10.861],[116.248,10.846],[116.235,10.852],[116.234,10.862]]],[[[114.922,10.866],[114.869,10.856],[114.917,10.883],[114.935,10.909],[114.922,10.866]]],[[[116.372,10.873],[116.373,10.899],[116.392,10.896],[116.391,10.86],[116.372,10.873]]],[[[116.246,10.893],[116.252,10.878],[116.247,10.875],[116.239,10.881],[116.246,10.893]]],[[[116.46,10.895],[116.432,10.876],[116.405,10.909],[116.457,10.906],[116.46,10.895]]],[[[116.464,10.909],[116.476,10.905],[116.468,10.899],[116.464,10.909]]],[[[116.48,10.915],[116.488,10.911],[116.481,10.907],[116.48,10.915]]],[[[114.74,11.014],[114.74,11.007],[114.735,11.007],[114.74,11.014]]],[[[114.713,11.032],[114.697,11.011],[114.686,11.007],[114.69,11.017],[114.713,11.032]]],[[[115.015,11.076],[115.025,11.077],[115.019,11.07],[115.015,11.076]]],[[[114.794,11.085],[114.804,11.137],[114.771,11.122],[114.806,11.155],[114.813,11.145],[114.81,11.108],[114.794,11.085]]],[[[116.116,11.367],[116.12,11.352],[116.11,11.349],[116.108,11.365],[116.116,11.367]]],[[[116.204,11.386],[116.216,11.388],[116.218,11.376],[116.205,11.375],[116.204,11.386]]],[[[116.309,11.373],[116.321,11.394],[116.33,11.391],[116.327,11.377],[116.309,11.373]]],[[[116.138,11.408],[116.16,11.434],[116.17,11.431],[116.137,11.387],[116.138,11.408]]],[[[116.349,11.463],[116.364,11.475],[116.37,11.465],[116.33,11.391],[116.325,11.407],[116.349,11.463]]],[[[114.685,11.436],[114.698,11.445],[114.687,11.433],[114.685,11.436]]],[[[114.702,11.464],[114.669,11.485],[114.686,11.487],[114.701,11.476],[114.702,11.464]]],[[[116.181,11.459],[116.226,11.508],[116.238,11.503],[116.188,11.45],[116.181,11.459]]],[[[116.369,11.5],[116.399,11.56],[116.399,11.576],[116.41,11.545],[116.397,11.51],[116.377,11.493],[116.369,11.5]]],[[[116.259,11.524],[116.333,11.592],[116.342,11.594],[116.347,11.583],[116.321,11.555],[116.262,11.515],[116.259,11.524]]],[[[116.38,11.629],[116.369,11.614],[116.358,11.622],[116.367,11.634],[116.38,11.629]]],[[[116.392,11.657],[116.429,11.69],[116.437,11.689],[116.409,11.645],[116.39,11.643],[116.392,11.657]]],[[[116.474,11.665],[116.458,11.723],[116.471,11.752],[116.486,11.758],[116.493,11.693],[116.482,11.664],[116.474,11.665]]],[[[116.143,12.04],[116.174,12.044],[116.176,12.034],[116.148,12.031],[116.143,12.04]]],[[[116.594,8.227],[116.614,8.224],[116.609,8.209],[116.592,8.21],[116.594,8.227]]],[[[116.657,9.055],[116.684,9.039],[116.683,9.022],[116.659,9.029],[116.657,9.055]]],[[[116.929,9.462],[116.937,9.456],[116.926,9.441],[116.919,9.451],[116.929,9.462]]],[[[116.563,10.314],[116.565,10.327],[116.569,10.316],[116.563,10.314]]],[[[116.593,10.328],[116.603,10.333],[116.604,10.33],[116.593,10.328]]],[[[116.624,10.34],[116.621,10.335],[116.622,10.34],[116.624,10.34]]],[[[116.704,10.338],[116.671,10.336],[116.699,10.345],[116.704,10.338]]],[[[116.635,10.343],[116.639,10.338],[116.636,10.335],[116.635,10.343]]],[[[116.653,10.346],[116.657,10.341],[116.653,10.342],[116.653,10.346]]],[[[116.717,10.353],[116.732,10.356],[116.736,10.35],[116.716,10.345],[116.717,10.353]]],[[[116.759,10.372],[116.77,10.365],[116.763,10.357],[116.754,10.358],[116.759,10.372]]],[[[116.796,10.388],[116.79,10.377],[116.784,10.373],[116.788,10.388],[116.796,10.388]]],[[[116.59,10.399],[116.589,10.396],[116.588,10.399],[116.59,10.399]]],[[[116.801,10.403],[116.809,10.399],[116.805,10.394],[116.801,10.403]]],[[[116.811,10.412],[116.809,10.409],[116.808,10.414],[116.811,10.412]]],[[[116.605,10.414],[116.602,10.411],[116.603,10.416],[116.605,10.414]]],[[[116.689,10.425],[116.686,10.425],[116.687,10.428],[116.689,10.425]]],[[[116.817,10.429],[116.813,10.43],[116.814,10.434],[116.817,10.429]]],[[[116.825,10.445],[116.821,10.445],[116.821,10.446],[116.825,10.445]]],[[[116.631,10.446],[116.627,10.442],[116.627,10.447],[116.631,10.446]]],[[[116.829,10.465],[116.836,10.457],[116.834,10.454],[116.829,10.465]]],[[[116.643,10.462],[116.639,10.462],[116.64,10.465],[116.643,10.462]]],[[[116.862,10.487],[116.865,10.478],[116.845,10.473],[116.852,10.484],[116.862,10.487]]],[[[116.875,10.505],[116.883,10.497],[116.876,10.494],[116.875,10.505]]],[[[116.56,10.516],[116.57,10.504],[116.563,10.492],[116.552,10.504],[116.56,10.516]]],[[[116.697,10.506],[116.694,10.507],[116.694,10.51],[116.697,10.506]]],[[[116.649,10.518],[116.652,10.518],[116.651,10.516],[116.649,10.518]]],[[[116.575,10.538],[116.574,10.523],[116.566,10.524],[116.575,10.538]]],[[[116.943,10.559],[116.947,10.548],[116.936,10.529],[116.897,10.51],[116.899,10.522],[116.873,10.556],[116.878,10.563],[116.906,10.549],[116.943,10.559]]],[[[116.696,10.542],[116.693,10.541],[116.693,10.544],[116.696,10.542]]],[[[116.593,10.541],[116.588,10.536],[116.582,10.544],[116.592,10.557],[116.598,10.552],[116.587,10.545],[116.593,10.541]]],[[[116.605,10.568],[116.618,10.57],[116.62,10.564],[116.605,10.568]]],[[[116.853,10.578],[116.861,10.571],[116.86,10.569],[116.853,10.578]]],[[[116.624,10.583],[116.627,10.576],[116.621,10.581],[116.624,10.583]]],[[[116.639,10.59],[116.645,10.585],[116.635,10.588],[116.639,10.59]]],[[[116.842,10.592],[116.838,10.586],[116.837,10.595],[116.842,10.592]]],[[[116.656,10.591],[116.652,10.591],[116.652,10.593],[116.656,10.591]]],[[[116.671,10.595],[116.666,10.593],[116.671,10.599],[116.671,10.595]]],[[[116.685,10.611],[116.682,10.607],[116.681,10.61],[116.685,10.611]]],[[[116.713,10.618],[116.71,10.62],[116.711,10.621],[116.713,10.618]]],[[[116.726,10.629],[116.736,10.623],[116.722,10.627],[116.726,10.629]]],[[[116.743,10.635],[116.746,10.63],[116.741,10.634],[116.743,10.635]]],[[[116.751,10.639],[116.769,10.643],[116.751,10.638],[116.751,10.639]]],[[[116.815,10.62],[116.826,10.602],[116.815,10.607],[116.801,10.651],[116.774,10.654],[116.809,10.691],[116.815,10.62]]],[[[116.685,10.781],[116.683,10.791],[116.699,10.79],[116.691,10.783],[116.685,10.781]]],[[[116.617,10.797],[116.627,10.825],[116.633,10.807],[116.673,10.776],[116.643,10.772],[116.617,10.797]]],[[[116.702,10.812],[116.698,10.812],[116.699,10.816],[116.702,10.812]]],[[[116.792,10.826],[116.814,10.819],[116.782,10.814],[116.792,10.826]]],[[[116.712,10.824],[116.717,10.817],[116.711,10.82],[116.712,10.824]]],[[[116.764,10.828],[116.769,10.821],[116.758,10.815],[116.755,10.821],[116.764,10.828]]],[[[116.828,10.838],[116.83,10.829],[116.826,10.836],[116.828,10.838]]],[[[116.859,10.848],[116.869,10.855],[116.869,10.846],[116.859,10.848]]],[[[116.734,10.854],[116.728,10.848],[116.724,10.849],[116.727,10.855],[116.734,10.854]]],[[[116.841,10.854],[116.851,10.85],[116.851,10.846],[116.841,10.854]]],[[[116.749,10.868],[116.745,10.859],[116.744,10.864],[116.749,10.868]]],[[[116.641,10.888],[116.666,10.902],[116.666,10.892],[116.648,10.885],[116.65,10.851],[116.633,10.83],[116.641,10.888]]],[[[116.876,10.881],[116.874,10.869],[116.868,10.869],[116.867,10.879],[116.876,10.881]]],[[[116.751,10.888],[116.75,10.881],[116.747,10.886],[116.751,10.888]]],[[[116.899,10.907],[116.899,10.901],[116.895,10.907],[116.899,10.907]]],[[[116.681,10.91],[116.677,10.903],[116.676,10.905],[116.681,10.91]]],[[[116.797,10.913],[116.795,10.906],[116.792,10.91],[116.797,10.913]]],[[[116.909,10.916],[116.922,10.917],[116.923,10.907],[116.909,10.916]]]]}},{"type":"Feature","properties":{"_rg":"Tây Nguyên"},"geometry":{"type":"Polygon","coordinates":[[[108.702,12.306],[108.699,12.241],[108.718,12.222],[108.709,12.194],[108.727,12.163],[108.692,12.148],[108.691,12.13],[108.672,12.122],[108.698,12.096],[108.71,12.056],[108.692,12.04],[108.679,12.012],[108.681,11.991],[108.66,11.961],[108.652,11.849],[108.617,11.807],[108.67,11.785],[108.665,11.753],[108.689,11.735],[108.699,11.701],[108.673,11.667],[108.561,11.643],[108.551,11.632],[108.551,11.602],[108.582,11.557],[108.542,11.51],[108.491,11.53],[108.436,11.516],[108.414,11.529],[108.38,11.524],[108.359,11.507],[108.34,11.527],[108.31,11.528],[108.283,11.517],[108.265,11.501],[108.257,11.469],[108.272,11.442],[108.287,11.446],[108.306,11.416],[108.18,11.306],[108.124,11.285],[108.114,11.294],[108.105,11.271],[108.059,11.245],[108.052,11.219],[108.044,11.217],[108.051,11.247],[108.04,11.261],[108.026,11.328],[107.959,11.352],[107.939,11.348],[107.929,11.359],[107.888,11.367],[107.764,11.37],[107.722,11.364],[107.71,11.336],[107.672,11.327],[107.605,11.347],[107.568,11.384],[107.534,11.356],[107.487,11.4],[107.482,11.431],[107.473,11.437],[107.446,11.42],[107.44,11.432],[107.429,11.426],[107.429,11.441],[107.469,11.481],[107.451,11.503],[107.429,11.52],[107.418,11.512],[107.406,11.53],[107.365,11.519],[107.377,11.543],[107.359,11.556],[107.36,11.583],[107.344,11.544],[107.331,11.555],[107.31,11.555],[107.296,11.585],[107.303,11.618],[107.268,11.641],[107.264,11.661],[107.284,11.689],[107.287,11.73],[107.325,11.751],[107.345,11.751],[107.37,11.771],[107.392,11.77],[107.394,11.801],[107.407,11.807],[107.403,11.819],[107.425,11.862],[107.404,11.869],[107.384,11.916],[107.351,11.94],[107.349,11.969],[107.335,11.993],[107.315,12.008],[107.294,12.011],[107.291,12.021],[107.277,12.015],[107.247,12.023],[107.24,12.04],[107.228,12.03],[107.228,12.089],[107.239,12.115],[107.227,12.117],[107.222,12.129],[107.226,12.158],[107.203,12.299],[107.229,12.297],[107.269,12.326],[107.306,12.333],[107.313,12.323],[107.346,12.329],[107.375,12.304],[107.398,12.262],[107.416,12.248],[107.435,12.255],[107.444,12.291],[107.543,12.354],[107.552,12.38],[107.546,12.416],[107.578,12.493],[107.564,12.528],[107.588,12.559],[107.567,12.646],[107.574,12.683],[107.558,12.714],[107.566,12.732],[107.561,12.792],[107.497,12.88],[107.484,12.957],[107.505,12.976],[107.484,13.022],[107.63,13.362],[107.616,13.529],[107.57,13.623],[107.567,13.668],[107.549,13.691],[107.532,13.744],[107.449,13.794],[107.46,13.814],[107.453,13.827],[107.47,13.851],[107.452,13.871],[107.469,13.893],[107.471,13.918],[107.453,13.932],[107.445,13.998],[107.383,13.99],[107.355,14.02],[107.362,14.062],[107.379,14.067],[107.38,14.079],[107.331,14.109],[107.36,14.163],[107.357,14.172],[107.378,14.185],[107.403,14.234],[107.407,14.276],[107.389,14.324],[107.42,14.373],[107.418,14.411],[107.446,14.427],[107.459,14.408],[107.487,14.408],[107.507,14.509],[107.53,14.554],[107.516,14.587],[107.543,14.612],[107.537,14.624],[107.548,14.679],[107.558,14.69],[107.555,14.72],[107.52,14.727],[107.539,14.751],[107.505,14.791],[107.586,14.864],[107.586,14.882],[107.582,14.894],[107.538,14.909],[107.526,14.93],[107.504,14.932],[107.478,14.956],[107.478,14.972],[107.464,14.985],[107.476,14.99],[107.465,15.01],[107.473,15.022],[107.502,15.026],[107.539,15.051],[107.582,15.03],[107.594,15.05],[107.619,15.052],[107.598,15.09],[107.621,15.108],[107.608,15.13],[107.624,15.15],[107.582,15.202],[107.619,15.215],[107.619,15.227],[107.631,15.231],[107.622,15.237],[107.614,15.288],[107.633,15.319],[107.608,15.338],[107.596,15.383],[107.622,15.416],[107.635,15.417],[107.654,15.396],[107.662,15.356],[107.691,15.319],[107.706,15.305],[107.727,15.309],[107.735,15.23],[107.755,15.237],[107.775,15.22],[107.835,15.208],[107.869,15.211],[107.89,15.194],[107.9,15.207],[107.927,15.21],[107.949,15.176],[107.998,15.153],[107.997,15.121],[107.975,15.07],[107.951,15.054],[107.965,15.021],[107.988,15.0],[108.043,14.995],[108.063,14.97],[108.084,14.965],[108.088,14.952],[108.103,14.953],[108.148,14.964],[108.157,14.975],[108.146,15.047],[108.16,15.061],[108.174,15.062],[108.21,15.033],[108.249,15.026],[108.267,14.985],[108.313,14.946],[108.322,14.912],[108.349,14.897],[108.351,14.88],[108.363,14.882],[108.376,14.847],[108.395,14.826],[108.429,14.817],[108.456,14.791],[108.492,14.801],[108.502,14.78],[108.517,14.772],[108.527,14.747],[108.495,14.701],[108.511,14.686],[108.48,14.627],[108.524,14.624],[108.547,14.587],[108.594,14.564],[108.603,14.537],[108.626,14.545],[108.632,14.528],[108.638,14.452],[108.6,14.459],[108.632,14.374],[108.625,14.355],[108.657,14.283],[108.655,14.261],[108.675,14.223],[108.68,14.194],[108.665,14.167],[108.711,14.097],[108.721,14.067],[108.755,14.037],[108.751,14.018],[108.762,13.994],[108.75,13.982],[108.743,13.911],[108.76,13.896],[108.769,13.868],[108.79,13.852],[108.799,13.809],[108.826,13.793],[108.833,13.741],[108.825,13.723],[108.831,13.707],[108.815,13.7],[108.819,13.661],[108.85,13.579],[108.84,13.565],[108.786,13.579],[108.765,13.562],[108.747,13.567],[108.73,13.529],[108.712,13.518],[108.702,13.487],[108.713,13.465],[108.739,13.459],[108.792,13.475],[108.808,13.36],[108.871,13.277],[108.838,13.163],[108.821,13.164],[108.79,13.142],[108.775,13.148],[108.773,13.138],[108.76,13.135],[108.767,13.121],[108.748,13.095],[108.754,13.034],[108.692,13.017],[108.672,12.989],[108.702,12.969],[108.704,12.943],[108.724,12.953],[108.75,12.943],[108.788,12.873],[108.812,12.877],[108.844,12.859],[108.851,12.833],[108.868,12.818],[108.938,12.807],[108.965,12.817],[108.973,12.787],[108.986,12.782],[108.983,12.739],[108.992,12.72],[108.976,12.683],[108.941,12.696],[108.902,12.677],[108.913,12.662],[108.91,12.643],[108.896,12.627],[108.874,12.627],[108.864,12.615],[108.862,12.596],[108.889,12.582],[108.894,12.567],[108.857,12.495],[108.877,12.48],[108.868,12.455],[108.835,12.465],[108.772,12.507],[108.75,12.499],[108.739,12.477],[108.714,12.485],[108.706,12.479],[108.672,12.434],[108.672,12.402],[108.687,12.375],[108.677,12.354],[108.678,12.318],[108.702,12.306]]]}},{"type":"Feature","properties":{"_rg":"Đông Nam Bộ"},"geometry":{"type":"MultiPolygon","coordinates":[[[[106.083,8.579],[106.078,8.581],[106.082,8.583],[106.083,8.579]]],[[[106.15,8.607],[106.15,8.61],[106.152,8.609],[106.15,8.607]]],[[[106.14,8.612],[106.135,8.615],[106.139,8.616],[106.14,8.612]]],[[[106.556,8.628],[106.555,8.63],[106.556,8.63],[106.556,8.628]]],[[[106.628,8.632],[106.628,8.639],[106.634,8.637],[106.628,8.632]]],[[[106.618,8.635],[106.616,8.638],[106.617,8.639],[106.618,8.635]]],[[[106.55,8.664],[106.574,8.646],[106.557,8.63],[106.538,8.661],[106.55,8.664]]],[[[106.558,8.684],[106.553,8.688],[106.557,8.689],[106.558,8.684]]],[[[106.653,8.761],[106.667,8.75],[106.652,8.754],[106.65,8.745],[106.662,8.741],[106.661,8.733],[106.643,8.731],[106.635,8.72],[106.658,8.693],[106.633,8.701],[106.625,8.688],[106.598,8.676],[106.611,8.64],[106.575,8.646],[106.559,8.681],[106.577,8.707],[106.588,8.707],[106.591,8.724],[106.618,8.73],[106.621,8.743],[106.653,8.761]]],[[[106.537,8.71],[106.544,8.704],[106.534,8.708],[106.537,8.71]]],[[[106.586,8.735],[106.584,8.738],[106.587,8.737],[106.586,8.735]]],[[[106.35,11.0],[106.343,10.996],[106.308,11.022],[106.272,11.024],[106.27,11.014],[106.285,10.996],[106.28,10.986],[106.237,10.987],[106.166,10.964],[106.159,10.983],[106.185,10.973],[106.202,10.978],[106.187,11.049],[106.154,11.102],[106.103,11.07],[106.085,11.102],[106.075,11.098],[106.051,11.125],[106.019,11.144],[106.013,11.187],[105.934,11.211],[105.909,11.242],[105.907,11.28],[105.863,11.283],[105.865,11.321],[105.881,11.357],[105.868,11.382],[105.872,11.401],[105.902,11.442],[105.873,11.463],[105.883,11.485],[105.881,11.54],[105.859,11.567],[105.847,11.561],[105.815,11.57],[105.809,11.619],[105.826,11.62],[105.831,11.649],[105.882,11.678],[105.952,11.641],[105.977,11.667],[105.977,11.695],[106.006,11.72],[106.011,11.769],[106.037,11.78],[106.07,11.778],[106.11,11.746],[106.151,11.738],[106.188,11.754],[106.213,11.732],[106.267,11.719],[106.267,11.707],[106.299,11.677],[106.379,11.702],[106.432,11.672],[106.451,11.674],[106.452,11.69],[106.425,11.729],[106.413,11.766],[106.447,11.826],[106.437,11.84],[106.44,11.86],[106.464,11.868],[106.409,11.977],[106.429,11.973],[106.455,11.99],[106.485,11.973],[106.514,11.982],[106.531,11.97],[106.626,11.976],[106.631,11.962],[106.639,11.976],[106.657,11.965],[106.65,11.978],[106.656,11.989],[106.691,11.966],[106.716,11.97],[106.791,12.082],[106.821,12.084],[106.847,12.069],[106.872,12.075],[106.913,12.063],[106.944,12.069],[106.992,12.096],[107.01,12.12],[107.044,12.134],[107.058,12.158],[107.078,12.165],[107.068,12.178],[107.073,12.188],[107.09,12.182],[107.098,12.207],[107.136,12.24],[107.151,12.272],[107.203,12.299],[107.226,12.158],[107.222,12.129],[107.227,12.117],[107.239,12.115],[107.228,12.089],[107.228,12.03],[107.24,12.04],[107.247,12.023],[107.277,12.015],[107.291,12.021],[107.294,12.011],[107.315,12.008],[107.335,11.993],[107.349,11.969],[107.351,11.94],[107.384,11.916],[107.404,11.869],[107.425,11.862],[107.403,11.819],[107.407,11.807],[107.394,11.801],[107.392,11.77],[107.37,11.771],[107.345,11.751],[107.325,11.751],[107.287,11.73],[107.284,11.689],[107.264,11.661],[107.268,11.641],[107.303,11.618],[107.296,11.585],[107.31,11.555],[107.331,11.555],[107.344,11.544],[107.36,11.583],[107.359,11.556],[107.377,11.543],[107.365,11.519],[107.408,11.53],[107.416,11.514],[107.429,11.52],[107.469,11.481],[107.429,11.441],[107.429,11.426],[107.44,11.432],[107.442,11.421],[107.451,11.421],[107.473,11.437],[107.487,11.426],[107.487,11.4],[107.534,11.356],[107.542,11.367],[107.534,11.329],[107.517,11.313],[107.521,11.253],[107.495,11.243],[107.498,11.221],[107.487,11.225],[107.469,11.18],[107.459,11.178],[107.456,11.152],[107.433,11.137],[107.452,11.113],[107.443,11.088],[107.421,11.079],[107.415,11.051],[107.393,11.051],[107.437,11.034],[107.47,11.009],[107.506,11.013],[107.541,10.979],[107.558,10.938],[107.558,10.869],[107.574,10.83],[107.551,10.795],[107.504,10.773],[107.502,10.749],[107.541,10.709],[107.542,10.674],[107.566,10.62],[107.57,10.571],[107.51,10.503],[107.468,10.499],[107.441,10.469],[107.371,10.468],[107.347,10.457],[107.358,10.468],[107.339,10.463],[107.341,10.455],[107.312,10.441],[107.253,10.381],[107.24,10.379],[107.216,10.406],[107.176,10.401],[107.187,10.41],[107.185,10.43],[107.157,10.39],[107.105,10.356],[107.084,10.324],[107.059,10.357],[107.056,10.387],[107.076,10.374],[107.08,10.391],[107.1,10.394],[107.114,10.413],[107.12,10.407],[107.144,10.418],[107.151,10.444],[107.165,10.448],[107.153,10.463],[107.166,10.477],[107.139,10.47],[107.137,10.46],[107.132,10.47],[107.122,10.463],[107.114,10.479],[107.087,10.473],[107.11,10.476],[107.116,10.446],[107.081,10.432],[107.041,10.465],[107.056,10.494],[107.024,10.47],[106.971,10.481],[106.946,10.43],[106.972,10.418],[106.969,10.408],[106.903,10.38],[106.877,10.378],[106.864,10.344],[106.826,10.329],[106.798,10.41],[106.734,10.498],[106.747,10.527],[106.744,10.577],[106.735,10.587],[106.727,10.581],[106.719,10.599],[106.728,10.636],[106.711,10.651],[106.683,10.657],[106.639,10.626],[106.628,10.628],[106.628,10.643],[106.604,10.66],[106.6,10.652],[106.556,10.651],[106.547,10.659],[106.547,10.688],[106.534,10.687],[106.518,10.725],[106.508,10.719],[106.487,10.729],[106.464,10.759],[106.499,10.786],[106.534,10.903],[106.451,10.943],[106.409,10.975],[106.371,10.97],[106.35,11.0]]],[[[106.659,8.68],[106.69,8.669],[106.695,8.68],[106.709,8.668],[106.694,8.661],[106.68,8.668],[106.675,8.656],[106.659,8.68]]],[[[106.738,8.699],[106.738,8.682],[106.731,8.688],[106.738,8.699]]],[[[106.713,8.781],[106.715,8.786],[106.715,8.782],[106.713,8.781]]],[[[107.077,10.379],[107.069,10.384],[107.072,10.385],[107.077,10.379]]],[[[107.093,10.398],[107.098,10.407],[107.094,10.395],[107.093,10.398]]],[[[107.099,10.411],[107.103,10.415],[107.101,10.41],[107.099,10.411]]],[[[107.146,10.466],[107.142,10.422],[107.115,10.418],[107.118,10.455],[107.138,10.454],[107.146,10.466]]],[[[107.154,10.449],[107.154,10.455],[107.156,10.449],[107.154,10.449]]],[[[106.967,10.456],[106.972,10.471],[106.976,10.475],[106.975,10.461],[106.967,10.456]]]]}},{"type":"Feature","properties":{"_rg":"Đồng bằng sông Cửu Long"},"geometry":{"type":"MultiPolygon","coordinates":[[[[103.436,9.265],[103.439,9.268],[103.439,9.264],[103.436,9.265]]],[[[103.458,9.291],[103.463,9.292],[103.463,9.29],[103.458,9.291]]],[[[103.476,9.306],[103.481,9.304],[103.476,9.304],[103.476,9.306]]],[[[103.479,9.318],[103.448,9.293],[103.431,9.315],[103.452,9.327],[103.478,9.326],[103.479,9.318]]],[[[103.419,9.309],[103.425,9.314],[103.425,9.311],[103.419,9.309]]],[[[103.487,9.324],[103.491,9.322],[103.487,9.322],[103.487,9.324]]],[[[103.497,9.325],[103.503,9.326],[103.504,9.322],[103.497,9.325]]],[[[104.029,9.798],[104.025,9.801],[104.029,9.801],[104.029,9.798]]],[[[104.044,9.82],[104.045,9.825],[104.047,9.824],[104.044,9.82]]],[[[103.993,9.902],[103.99,9.906],[103.993,9.906],[103.993,9.902]]],[[[104.022,9.907],[104.019,9.91],[104.022,9.91],[104.022,9.907]]],[[[103.989,9.91],[103.988,9.916],[103.993,9.914],[103.989,9.91]]],[[[104.015,9.911],[104.009,9.913],[104.016,9.915],[104.015,9.911]]],[[[104.021,9.917],[104.02,9.922],[104.024,9.917],[104.021,9.917]]],[[[103.998,9.918],[104.0,9.924],[104.001,9.916],[103.998,9.918]]],[[[103.981,9.918],[103.978,9.922],[103.982,9.922],[103.981,9.918]]],[[[103.993,9.928],[103.99,9.931],[103.994,9.931],[103.993,9.928]]],[[[104.016,9.929],[104.019,9.935],[104.021,9.932],[104.016,9.929]]],[[[104.009,9.949],[104.008,9.966],[104.012,9.97],[104.024,9.945],[104.009,9.949]]],[[[104.017,9.974],[104.012,9.986],[104.025,9.97],[104.017,9.974]]],[[[104.037,9.994],[104.04,9.995],[104.041,9.992],[104.037,9.994]]],[[[104.005,10.001],[104.011,9.998],[104.011,9.992],[104.006,9.994],[104.005,10.001]]],[[[104.033,10.0],[104.03,10.007],[104.034,10.0],[104.033,10.0]]],[[[104.039,10.416],[104.07,10.38],[104.079,10.356],[104.071,10.341],[104.08,10.248],[104.03,10.143],[104.034,10.118],[104.016,10.083],[104.041,10.07],[104.028,10.033],[104.05,10.006],[104.018,10.019],[104.007,10.012],[104.001,10.039],[103.989,10.05],[103.952,10.228],[103.915,10.289],[103.855,10.309],[103.832,10.368],[103.844,10.379],[103.926,10.363],[103.945,10.402],[103.966,10.411],[103.971,10.441],[103.989,10.452],[104.003,10.45],[104.03,10.414],[104.039,10.416]]],[[[103.814,10.358],[103.811,10.362],[103.814,10.362],[103.814,10.358]]],[[[104.062,10.407],[104.059,10.41],[104.063,10.41],[104.062,10.407]]],[[[104.054,10.413],[104.051,10.417],[104.054,10.416],[104.054,10.413]]],[[[104.048,10.415],[104.045,10.419],[104.048,10.418],[104.048,10.415]]],[[[104.357,9.645],[104.357,9.648],[104.359,9.643],[104.357,9.645]]],[[[104.352,9.65],[104.355,9.65],[104.353,9.647],[104.352,9.65]]],[[[104.355,9.654],[104.357,9.658],[104.359,9.655],[104.355,9.654]]],[[[104.34,9.669],[104.339,9.685],[104.348,9.695],[104.348,9.712],[104.355,9.659],[104.34,9.669]]],[[[104.376,9.699],[104.381,9.707],[104.377,9.698],[104.376,9.699]]],[[[104.336,9.703],[104.336,9.716],[104.337,9.702],[104.336,9.703]]],[[[104.36,9.709],[104.357,9.713],[104.36,9.712],[104.36,9.709]]],[[[104.346,9.72],[104.348,9.729],[104.347,9.72],[104.346,9.72]]],[[[104.337,9.728],[104.334,9.732],[104.337,9.732],[104.337,9.728]]],[[[104.353,9.739],[104.359,9.741],[104.354,9.737],[104.353,9.739]]],[[[104.094,9.844],[104.093,9.852],[104.097,9.852],[104.094,9.844]]],[[[104.332,10.287],[104.324,10.289],[104.332,10.288],[104.332,10.287]]],[[[104.313,10.29],[104.312,10.294],[104.315,10.293],[104.313,10.29]]],[[[104.336,10.292],[104.341,10.297],[104.338,10.291],[104.336,10.292]]],[[[104.344,10.297],[104.348,10.302],[104.35,10.298],[104.344,10.297]]],[[[104.314,10.303],[104.319,10.305],[104.314,10.301],[104.314,10.303]]],[[[104.321,10.312],[104.319,10.316],[104.322,10.315],[104.321,10.312]]],[[[104.322,10.323],[104.337,10.322],[104.327,10.314],[104.322,10.323]]],[[[104.272,10.355],[104.274,10.358],[104.276,10.354],[104.272,10.355]]],[[[104.318,10.354],[104.319,10.362],[104.319,10.354],[104.318,10.354]]],[[[104.308,10.362],[104.305,10.366],[104.308,10.365],[104.308,10.362]]],[[[104.076,10.387],[104.073,10.391],[104.076,10.391],[104.076,10.387]]],[[[104.328,10.395],[104.329,10.403],[104.331,10.403],[104.328,10.395]]],[[[104.335,10.402],[104.333,10.406],[104.336,10.404],[104.335,10.402]]],[[[104.33,10.404],[104.328,10.408],[104.331,10.407],[104.33,10.404]]],[[[104.341,10.424],[104.343,10.428],[104.342,10.423],[104.341,10.424]]],[[[104.312,10.434],[104.32,10.446],[104.332,10.44],[104.323,10.43],[104.312,10.434]]],[[[104.333,10.451],[104.33,10.455],[104.333,10.454],[104.333,10.451]]],[[[104.531,8.947],[104.52,8.955],[104.524,8.96],[104.531,8.947]]],[[[104.394,9.635],[104.386,9.64],[104.398,9.644],[104.394,9.635]]],[[[104.394,9.648],[104.391,9.651],[104.394,9.651],[104.394,9.648]]],[[[104.38,9.655],[104.384,9.656],[104.382,9.652],[104.38,9.655]]],[[[104.388,9.66],[104.392,9.677],[104.398,9.675],[104.388,9.66]]],[[[104.38,9.678],[104.377,9.681],[104.38,9.681],[104.38,9.678]]],[[[104.397,9.68],[104.394,9.683],[104.397,9.683],[104.397,9.68]]],[[[104.398,9.684],[104.396,9.688],[104.399,9.688],[104.398,9.684]]],[[[104.384,9.684],[104.385,9.693],[104.389,9.693],[104.384,9.684]]],[[[104.495,9.976],[104.492,9.98],[104.496,9.979],[104.495,9.976]]],[[[104.502,10.088],[104.505,10.087],[104.5,10.086],[104.502,10.088]]],[[[104.51,10.089],[104.507,10.093],[104.511,10.092],[104.51,10.089]]],[[[104.509,10.099],[104.515,10.106],[104.511,10.096],[104.509,10.099]]],[[[104.503,10.109],[104.495,10.104],[104.499,10.114],[104.503,10.109]]],[[[104.496,10.123],[104.495,10.13],[104.497,10.123],[104.496,10.123]]],[[[104.538,10.126],[104.544,10.133],[104.541,10.123],[104.538,10.126]]],[[[104.494,10.136],[104.493,10.139],[104.495,10.138],[104.494,10.136]]],[[[104.546,10.136],[104.542,10.139],[104.546,10.139],[104.546,10.136]]],[[[104.498,10.139],[104.495,10.142],[104.498,10.142],[104.498,10.139]]],[[[104.492,10.139],[104.493,10.145],[104.494,10.145],[104.492,10.139]]],[[[104.522,10.14],[104.517,10.144],[104.518,10.145],[104.522,10.14]]],[[[104.532,10.141],[104.529,10.144],[104.532,10.144],[104.532,10.141]]],[[[104.546,10.141],[104.552,10.146],[104.548,10.14],[104.546,10.141]]],[[[104.55,10.15],[104.549,10.154],[104.553,10.149],[104.55,10.15]]],[[[104.506,10.151],[104.503,10.154],[104.506,10.154],[104.506,10.151]]],[[[104.519,10.149],[104.523,10.161],[104.525,10.16],[104.519,10.149]]],[[[104.53,10.161],[104.527,10.165],[104.53,10.164],[104.53,10.161]]],[[[104.532,10.171],[104.522,10.186],[104.525,10.19],[104.532,10.171]]],[[[104.88,8.381],[104.878,8.384],[104.88,8.384],[104.88,8.381]]],[[[104.85,8.421],[104.854,8.413],[104.848,8.413],[104.85,8.421]]],[[[104.844,8.444],[104.837,8.426],[104.816,8.427],[104.841,8.455],[104.844,8.444]]],[[[104.564,8.881],[104.564,8.885],[104.566,8.883],[104.564,8.881]]],[[[105.93,9.285],[105.739,9.208],[105.738,9.2],[105.54,9.12],[105.478,9.082],[105.397,8.998],[105.38,8.939],[105.329,8.835],[105.269,8.77],[105.18,8.74],[105.106,8.636],[105.001,8.598],[104.841,8.565],[104.717,8.607],[104.711,8.635],[104.722,8.648],[104.74,8.647],[104.749,8.634],[104.799,8.655],[104.816,8.653],[104.789,8.679],[104.782,8.699],[104.788,8.715],[104.822,8.737],[104.869,8.751],[104.9,8.797],[104.898,8.808],[104.809,8.773],[104.786,8.797],[104.779,8.818],[104.8,8.925],[104.8,9.026],[104.816,9.035],[104.802,9.047],[104.806,9.182],[104.819,9.263],[104.835,9.554],[104.856,9.721],[104.885,9.828],[104.9,9.852],[104.932,9.848],[104.954,9.855],[105.047,9.943],[105.077,9.95],[105.086,9.929],[105.096,9.928],[105.107,9.952],[105.072,10.014],[104.995,10.092],[104.972,10.101],[104.903,10.087],[104.882,10.091],[104.813,10.186],[104.768,10.22],[104.731,10.228],[104.703,10.214],[104.671,10.184],[104.642,10.137],[104.598,10.145],[104.608,10.164],[104.588,10.188],[104.595,10.194],[104.583,10.208],[104.59,10.216],[104.585,10.248],[104.552,10.29],[104.542,10.293],[104.529,10.278],[104.525,10.325],[104.482,10.38],[104.47,10.383],[104.441,10.366],[104.451,10.401],[104.437,10.423],[104.478,10.428],[104.494,10.412],[104.51,10.422],[104.52,10.449],[104.547,10.46],[104.556,10.5],[104.581,10.505],[104.582,10.528],[104.596,10.541],[104.627,10.531],[104.648,10.541],[104.692,10.539],[104.758,10.52],[104.869,10.525],[104.896,10.548],[104.96,10.647],[105.093,10.725],[105.088,10.753],[105.061,10.779],[105.059,10.817],[105.028,10.887],[105.049,10.931],[105.075,10.945],[105.077,10.96],[105.096,10.955],[105.112,10.962],[105.115,10.947],[105.102,10.921],[105.158,10.923],[105.234,10.897],[105.261,10.899],[105.336,10.858],[105.385,10.92],[105.404,10.931],[105.424,10.974],[105.45,10.956],[105.469,10.966],[105.495,10.948],[105.537,10.954],[105.667,10.989],[105.724,11.026],[105.775,11.033],[105.862,10.902],[105.851,10.863],[105.93,10.841],[105.925,10.862],[105.948,10.884],[105.942,10.918],[106.073,10.814],[106.16,10.816],[106.189,10.791],[106.185,10.842],[106.134,10.916],[106.148,10.942],[106.141,10.978],[106.159,10.983],[106.166,10.964],[106.177,10.964],[106.237,10.987],[106.272,10.982],[106.285,10.993],[106.272,11.024],[106.295,11.025],[106.343,10.996],[106.35,11.0],[106.371,10.97],[106.409,10.975],[106.451,10.943],[106.534,10.903],[106.499,10.786],[106.464,10.759],[106.487,10.729],[106.508,10.719],[106.518,10.725],[106.534,10.687],[106.547,10.688],[106.547,10.659],[106.556,10.651],[106.6,10.652],[106.604,10.66],[106.628,10.643],[106.628,10.628],[106.639,10.626],[106.683,10.657],[106.711,10.651],[106.728,10.636],[106.719,10.599],[106.727,10.581],[106.735,10.587],[106.744,10.577],[106.747,10.527],[106.734,10.498],[106.798,10.41],[106.826,10.329],[106.781,10.307],[106.768,10.278],[106.769,10.243],[106.78,10.227],[106.772,10.172],[106.79,10.15],[106.783,10.131],[106.789,10.113],[106.749,10.058],[106.688,10.019],[106.648,9.977],[106.686,9.876],[106.648,9.822],[106.641,9.818],[106.65,9.84],[106.631,9.82],[106.636,9.812],[106.618,9.804],[106.602,9.809],[106.561,9.745],[106.578,9.674],[106.552,9.611],[106.498,9.557],[106.411,9.528],[106.403,9.539],[106.374,9.53],[106.379,9.541],[106.367,9.555],[106.314,9.594],[106.29,9.575],[106.257,9.514],[106.204,9.496],[106.198,9.466],[106.156,9.411],[106.179,9.413],[106.188,9.404],[106.186,9.379],[106.163,9.356],[105.93,9.285]]],[[[104.8,9.178],[104.798,9.181],[104.801,9.18],[104.8,9.178]]],[[[104.649,9.799],[104.612,9.798],[104.616,9.814],[104.632,9.824],[104.655,9.819],[104.649,9.799]]],[[[104.837,9.95],[104.827,9.969],[104.851,9.979],[104.837,9.95]]],[[[104.542,10.033],[104.553,10.039],[104.557,10.018],[104.549,10.017],[104.542,10.033]]],[[[104.553,10.133],[104.551,10.137],[104.554,10.136],[104.553,10.133]]],[[[104.587,10.153],[104.586,10.156],[104.591,10.155],[104.587,10.153]]],[[[104.573,10.154],[104.576,10.158],[104.58,10.156],[104.573,10.154]]],[[[104.578,10.168],[104.576,10.172],[104.579,10.172],[104.578,10.168]]],[[[104.578,10.173],[104.575,10.177],[104.578,10.177],[104.578,10.173]]],[[[104.589,10.177],[104.592,10.181],[104.59,10.177],[104.589,10.177]]],[[[104.571,10.179],[104.568,10.182],[104.572,10.182],[104.571,10.179]]]]}}]}